,nombre_imagen,Hora,media,desviacion_tipica,temperatura_sensor,pitch,roll,yaw
0,IX-12-66264_0008_0001_THM.tif,09:35:31,25.149999618530273,4.920000076293945,27.4,8.176189,-9.630278,-115.124229
1,IX-12-66264_0008_0002_THM.tif,09:35:32,24.920000076293945,5.0,27.4,6.945594,-2.364251,-118.588097
2,IX-12-66264_0008_0003_THM.tif,09:35:33,24.690000534057617,4.929999828338623,27.4,6.702036,-3.289108,-115.994225
3,IX-12-66264_0008_0004_THM.tif,09:35:35,24.549999237060547,4.670000076293945,27.4,8.910656,-4.448862,-116.009087
4,IX-12-66264_0008_0005_THM.tif,09:35:36,23.889999389648438,4.489999771118164,27.4,8.759966,-3.266087,-117.007027
5,IX-12-66264_0008_0006_THM.tif,09:35:38,23.440000534057617,4.369999885559082,27.4,11.530805,-3.035235,-116.404549
6,IX-12-66264_0008_0007_THM.tif,09:35:39,22.959999084472656,4.53000020980835,27.4,6.956698,-0.728294,-117.977951
7,IX-12-66264_0008_0008_THM.tif,09:35:41,22.739999771118164,4.329999923706055,27.4,-0.544111,-0.980662,-116.614304
8,IX-12-66264_0008_0009_THM.tif,09:35:42,22.559999465942383,4.309999942779541,27.4,3.093753,-2.419186,-116.548256
9,IX-12-66264_0008_0010_THM.tif,09:35:43,22.40999984741211,4.050000190734863,27.4,1.07676,-3.76138,-117.656631
10,IX-12-66264_0008_0011_THM.tif,09:35:45,22.450000762939453,4.380000114440918,27.4,-1.217606,5.52119,-116.773788
11,IX-12-66264_0008_0012_THM.tif,09:35:46,22.389999389648438,4.409999847412109,27.4,3.749409,-4.205204,-123.540039
12,IX-12-66264_0008_0013_THM.tif,09:35:48,22.100000381469727,4.570000171661377,27.4,4.704093,23.75807,-123.708717
13,IX-12-66264_0008_0014_THM.tif,09:36:14,21.420000076293945,3.890000104904175,27.5,4.408139,-1.131955,74.85701
14,IX-12-66264_0008_0015_THM.tif,09:36:16,21.790000915527344,4.010000228881836,27.5,4.860919,-9.13468,71.633522
15,IX-12-66264_0008_0016_THM.tif,09:36:17,22.649999618530273,4.369999885559082,27.5,4.606297,-9.063194,66.467758
16,IX-12-66264_0008_0017_THM.tif,09:36:19,21.850000381469727,4.050000190734863,27.5,4.763238,-1.197349,58.537899
17,IX-12-66264_0008_0018_THM.tif,09:36:20,21.829999923706055,4.039999961853027,27.5,2.810856,2.671999,56.450157
18,IX-12-66264_0008_0019_THM.tif,09:36:22,22.0,4.050000190734863,27.5,3.862589,8.594218,57.337505
19,IX-12-66264_0008_0020_THM.tif,09:36:23,22.299999237060547,4.329999923706055,27.5,2.358974,6.532392,63.166435
20,IX-12-66264_0008_0021_THM.tif,09:36:25,22.09000015258789,4.25,27.5,5.172215,4.379009,64.221779
21,IX-12-66264_0008_0022_THM.tif,09:36:26,22.049999237060547,4.039999961853027,27.5,4.067074,2.292965,65.919212
22,IX-12-66264_0008_0023_THM.tif,09:36:28,21.889999389648438,4.130000114440918,27.5,6.747416,2.568796,66.81266
23,IX-12-66264_0008_0024_THM.tif,09:36:29,21.760000228881836,3.950000047683716,27.5,8.766752,0.277922,68.261192
24,IX-12-66264_0008_0025_THM.tif,09:36:31,22.049999237060547,4.010000228881836,27.5,9.27705,0.197111,67.201637
25,IX-12-66264_0008_0026_THM.tif,09:36:33,22.299999237060547,4.010000228881836,27.5,7.178576,-0.504872,67.148689
26,IX-12-66264_0008_0027_THM.tif,09:36:34,22.850000381469727,4.010000228881836,27.5,6.772197,3.006989,64.00444
27,IX-12-66264_0008_0028_THM.tif,09:36:35,23.139999389648438,4.170000076293945,27.5,6.605267,1.111504,62.042419
28,IX-12-66264_0008_0029_THM.tif,09:36:37,23.350000381469727,4.340000152587891,27.5,6.428589,4.203067,62.21051
29,IX-12-66264_0008_0030_THM.tif,09:36:38,23.610000610351562,4.329999923706055,27.5,6.368159,1.574232,63.598782
30,IX-12-66264_0008_0031_THM.tif,09:36:40,23.670000076293945,4.599999904632568,27.5,5.17842,-3.133374,66.333885
31,IX-12-66264_0008_0032_THM.tif,09:36:41,24.010000228881836,4.659999847412109,27.5,7.000459,-2.46762,67.291817
32,IX-12-66264_0008_0033_THM.tif,09:36:43,24.1200008392334,4.820000171661377,27.5,8.377778,-1.356703,63.565155
33,IX-12-66264_0008_0034_THM.tif,09:36:45,24.3799991607666,4.889999866485596,27.5,6.824177,0.771356,62.114361
34,IX-12-66264_0008_0035_THM.tif,09:36:46,24.510000228881836,4.739999771118164,27.5,6.420948,4.498218,60.914455
35,IX-12-66264_0008_0036_THM.tif,09:36:48,25.110000610351562,4.840000152587891,27.5,7.294285,5.031516,63.340786
36,IX-12-66264_0008_0037_THM.tif,09:36:49,25.739999771118164,4.090000152587891,27.5,8.488894,2.165235,65.209511
37,IX-12-66264_0008_0038_THM.tif,09:37:16,25.709999084472656,5.230000019073486,27.5,8.083319,-2.633299,-121.48877
38,IX-12-66264_0008_0039_THM.tif,09:37:17,25.549999237060547,5.079999923706055,27.5,4.885575,7.109173,-123.356102
39,IX-12-66264_0008_0040_THM.tif,09:37:18,24.40999984741211,5.070000171661377,27.5,3.706452,10.392035,-119.863144
40,IX-12-66264_0008_0041_THM.tif,09:37:20,23.979999542236328,4.710000038146973,27.5,6.036102,5.168559,-113.525673
41,IX-12-66264_0008_0042_THM.tif,09:37:21,23.989999771118164,4.769999980926514,27.5,7.116977,1.517306,-109.339622
42,IX-12-66264_0008_0043_THM.tif,09:37:23,23.309999465942383,4.639999866485596,27.5,3.364558,-0.220771,-108.257874
43,IX-12-66264_0008_0044_THM.tif,09:37:24,23.100000381469727,4.429999828338623,27.5,2.843217,-7.427061,-111.180511
44,IX-12-66264_0008_0045_THM.tif,09:37:25,22.920000076293945,4.480000019073486,27.5,6.40556,-5.336913,-112.3498
45,IX-12-66264_0008_0046_THM.tif,09:37:27,22.790000915527344,4.389999866485596,27.5,5.980554,-8.834564,-115.919312
46,IX-12-66264_0008_0047_THM.tif,09:37:28,22.549999237060547,4.610000133514404,27.5,4.899744,-4.181059,-118.536598
47,IX-12-66264_0008_0048_THM.tif,09:37:30,22.899999618530273,4.900000095367432,27.5,7.048853,0.284225,-116.03437
48,IX-12-66264_0008_0049_THM.tif,09:37:31,22.030000686645508,4.510000228881836,27.5,7.704564,-1.805847,-114.006035
49,IX-12-66264_0008_0050_THM.tif,09:37:57,21.06999969482422,4.110000133514404,27.6,1.54823,0.257203,65.282982
50,IX-12-66264_0008_0051_THM.tif,09:37:59,21.0,4.059999942779541,27.6,-0.471976,2.062324,63.722885
51,IX-12-66264_0008_0052_THM.tif,09:38:00,21.940000534057617,4.639999866485596,27.6,2.035284,3.03335,60.128376
52,IX-12-66264_0008_0053_THM.tif,09:38:02,21.780000686645508,4.53000020980835,27.6,1.72524,1.791386,59.686443
53,IX-12-66264_0008_0054_THM.tif,09:38:04,21.68000030517578,4.420000076293945,27.6,3.377095,3.558717,63.47002
54,IX-12-66264_0008_0055_THM.tif,09:38:06,21.399999618530273,4.420000076293945,27.6,3.103844,3.645779,66.577209
55,IX-12-66264_0008_0056_THM.tif,09:38:07,21.31999969482422,4.28000020980835,27.6,6.011561,-0.14165,64.86171
56,IX-12-66264_0008_0057_THM.tif,09:38:09,21.75,4.420000076293945,27.6,2.137695,3.5314,63.337929
57,IX-12-66264_0008_0058_THM.tif,09:38:10,21.31999969482422,4.289999961853027,27.6,4.691006,1.723519,63.687008
58,IX-12-66264_0008_0059_THM.tif,09:38:12,21.979999542236328,4.349999904632568,27.6,0.433643,4.008626,64.571503
59,IX-12-66264_0008_0060_THM.tif,09:38:13,22.25,4.380000114440918,27.6,-0.324474,1.565654,67.995201
60,IX-12-66264_0008_0061_THM.tif,09:38:14,22.270000457763672,4.550000190734863,27.6,3.857322,-2.799863,67.86087
61,IX-12-66264_0008_0062_THM.tif,09:38:16,22.729999542236328,4.519999980926514,27.6,2.623191,-0.97512,65.564911
62,IX-12-66264_0008_0063_THM.tif,09:38:17,22.469999313354492,4.559999942779541,27.6,5.422693,-1.666366,63.797459
63,IX-12-66264_0008_0064_THM.tif,09:38:19,22.75,4.559999942779541,27.6,2.386709,-0.65947,61.927818
64,IX-12-66264_0008_0065_THM.tif,09:38:21,23.34000015258789,4.849999904632568,27.6,4.078147,2.830129,60.377136
65,IX-12-66264_0008_0066_THM.tif,09:38:22,23.760000228881836,4.880000114440918,27.6,7.985799,3.547087,62.914089
66,IX-12-66264_0008_0067_THM.tif,09:38:24,24.280000686645508,4.789999961853027,27.6,9.050287,2.422843,63.658909
67,IX-12-66264_0008_0068_THM.tif,09:38:25,24.6200008392334,5.329999923706055,27.6,7.952261,0.994918,64.449921
68,IX-12-66264_0008_0069_THM.tif,09:38:26,24.59000015258789,5.329999923706055,27.6,9.401076,0.974378,63.588783
69,IX-12-66264_0008_0070_THM.tif,09:38:28,25.520000457763672,4.900000095367432,27.6,10.066045,2.071735,62.592587
70,IX-12-66264_0008_0071_THM.tif,09:38:29,25.489999771118164,4.230000019073486,27.6,8.527141,-10.122253,60.583302
71,IX-12-66264_0008_0072_THM.tif,09:38:57,24.780000686645508,5.119999885559082,27.6,9.088,-16.97316,-118.788002
72,IX-12-66264_0008_0073_THM.tif,09:38:59,23.079999923706055,5.199999809265137,27.6,9.315999,-11.904926,-123.680756
73,IX-12-66264_0008_0074_THM.tif,09:39:00,21.540000915527344,4.510000228881836,27.6,10.244561,-3.805986,-127.47718
74,IX-12-66264_0008_0075_THM.tif,09:39:02,21.030000686645508,4.519999980926514,27.6,4.814138,6.889785,-129.76149
75,IX-12-66264_0008_0076_THM.tif,09:39:04,20.299999237060547,4.090000152587891,27.6,1.056305,13.879666,-129.402573
76,IX-12-66264_0008_0077_THM.tif,09:39:05,20.170000076293945,4.130000114440918,27.6,5.498568,12.751109,-131.223114
77,IX-12-66264_0008_0078_THM.tif,09:39:07,19.25,3.25,27.6,6.825376,11.358044,-128.725693
78,IX-12-66264_0008_0079_THM.tif,09:39:08,19.389999389648438,3.450000047683716,27.6,4.309285,14.04,-119.687485
79,IX-12-66264_0008_0080_THM.tif,09:39:09,19.84000015258789,3.25,27.6,4.120131,8.283875,-115.134972
80,IX-12-66264_0008_0081_THM.tif,09:39:11,21.190000534057617,4.519999980926514,27.6,7.462546,-1.269233,-116.070778
81,IX-12-66264_0008_0082_THM.tif,09:39:12,20.020000457763672,3.6700000762939453,27.6,6.078147,4.489942,-119.359062
82,IX-12-66264_0008_0083_THM.tif,09:39:14,20.770000457763672,4.550000190734863,27.6,9.647682,8.128516,-119.218292
83,IX-12-66264_0008_0084_THM.tif,09:40:33,21.780000686645508,3.9000000953674316,27.7,5.536295,-7.807182,134.625671
84,IX-12-66264_0008_0085_THM.tif,09:40:35,21.56999969482422,3.8499999046325684,27.7,6.585044,-3.030685,128.571945
85,IX-12-66264_0008_0086_THM.tif,09:40:36,21.579999923706055,3.4600000381469727,27.7,3.436517,1.313139,124.769897
86,IX-12-66264_0008_0087_THM.tif,09:40:38,21.450000762939453,3.430000066757202,27.7,0.634709,3.791763,123.378395
87,IX-12-66264_0008_0088_THM.tif,09:40:40,21.639999389648438,3.5999999046325684,27.7,-0.08846,5.497958,125.159431
88,IX-12-66264_0008_0089_THM.tif,09:40:42,21.940000534057617,3.759999990463257,27.7,0.216792,5.230207,126.084763
89,IX-12-66264_0008_0090_THM.tif,09:40:43,21.93000030517578,3.7100000381469727,27.7,2.047102,4.409418,128.307053
90,IX-12-66264_0008_0091_THM.tif,09:40:45,21.84000015258789,3.759999990463257,27.7,5.317461,6.027448,130.916489
91,IX-12-66264_0008_0092_THM.tif,09:40:47,21.940000534057617,3.640000104904175,27.7,2.878391,-1.554553,134.058289
92,IX-12-66264_0008_0093_THM.tif,09:40:48,21.889999389648438,3.7200000286102295,27.7,6.694211,-4.229967,132.224289
93,IX-12-66264_0008_0094_THM.tif,09:40:50,21.899999618530273,3.9200000762939453,27.7,7.186792,-0.667659,129.862961
94,IX-12-66264_0008_0095_THM.tif,09:40:52,21.809999465942383,3.9600000381469727,27.7,7.026337,3.096358,128.801956
95,IX-12-66264_0008_0096_THM.tif,09:40:53,21.649999618530273,3.930000066757202,27.7,8.808372,1.744692,126.888527
96,IX-12-66264_0008_0097_THM.tif,09:40:55,21.520000457763672,3.8499999046325684,27.7,9.400056,2.737126,127.823479
97,IX-12-66264_0008_0098_THM.tif,09:40:58,21.670000076293945,3.9000000953674316,27.7,9.235228,4.514791,129.803085
98,IX-12-66264_0008_0099_THM.tif,09:40:59,21.93000030517578,4.099999904632568,27.7,9.35564,1.561591,130.43988
99,IX-12-66264_0008_0100_THM.tif,09:41:01,22.530000686645508,4.260000228881836,27.7,8.778499,2.668811,130.771347
100,IX-12-66264_0008_0101_THM.tif,09:41:03,22.530000686645508,4.570000171661377,27.7,8.284184,1.190419,127.933121
101,IX-12-66264_0008_0102_THM.tif,09:41:04,21.969999313354492,4.53000020980835,27.7,8.49424,4.50931,127.058746
102,IX-12-66264_0008_0103_THM.tif,09:41:06,21.600000381469727,4.400000095367432,27.7,8.797426,4.858244,129.784531
103,IX-12-66264_0008_0104_THM.tif,09:41:08,21.209999084472656,4.309999942779541,27.7,10.258927,4.113245,129.582993
104,IX-12-66264_0008_0105_THM.tif,09:41:09,20.950000762939453,4.21999979019165,27.7,12.272053,6.352712,129.709595
105,IX-12-66264_0008_0106_THM.tif,09:41:35,22.219999313354492,4.559999942779541,27.7,5.691506,12.197621,1.709191
106,IX-12-66264_0008_0107_THM.tif,09:41:37,21.559999465942383,4.269999980926514,27.8,9.011042,-0.961247,9.183876
107,IX-12-66264_0008_0108_THM.tif,09:41:39,21.579999923706055,4.429999828338623,27.8,8.369081,-1.654296,4.894264
108,IX-12-66264_0008_0109_THM.tif,09:41:40,21.940000534057617,4.579999923706055,27.8,9.871106,-0.199072,-1.234038
109,IX-12-66264_0008_0110_THM.tif,09:41:42,22.200000762939453,4.329999923706055,27.8,10.953954,0.475789,-4.704556
110,IX-12-66264_0008_0111_THM.tif,09:41:44,21.860000610351562,3.9700000286102295,27.8,12.036569,0.095455,0.204142
111,IX-12-66264_0008_0112_THM.tif,09:41:46,21.469999313354492,3.9000000953674316,27.8,8.20605,-7.448082,-0.234994
112,IX-12-66264_0008_0113_THM.tif,09:41:47,21.65999984741211,3.859999895095825,27.8,7.035127,-2.306994,-1.630212
113,IX-12-66264_0008_0114_THM.tif,09:41:49,21.559999465942383,3.9800000190734863,27.8,8.944722,-1.089512,-1.773954
114,IX-12-66264_0008_0115_THM.tif,09:41:51,21.479999542236328,4.150000095367432,27.8,8.964392,-1.26854,-3.010363
115,IX-12-66264_0008_0116_THM.tif,09:41:52,21.700000762939453,4.300000190734863,27.8,9.601462,-3.307718,-4.470647
116,IX-12-66264_0008_0117_THM.tif,09:41:54,21.799999237060547,4.329999923706055,27.8,9.911209,-0.646494,-5.341825
117,IX-12-66264_0008_0118_THM.tif,09:41:56,21.610000610351562,4.260000228881836,27.8,11.802704,5.425996,-5.346905
118,IX-12-66264_0008_0119_THM.tif,09:41:58,20.940000534057617,4.400000095367432,27.8,9.53735,-7.566239,-6.004706
119,IX-12-66264_0008_0120_THM.tif,09:41:59,21.450000762939453,3.9800000190734863,27.8,7.951328,0.986954,-6.448326
120,IX-12-66264_0008_0121_THM.tif,09:42:01,21.3700008392334,4.019999980926514,27.8,7.643026,0.604039,-5.351003
121,IX-12-66264_0008_0122_THM.tif,09:42:02,21.549999237060547,3.5799999237060547,27.8,8.256242,0.541055,-5.458898
122,IX-12-66264_0008_0123_THM.tif,09:42:04,21.25,3.609999895095825,27.8,2.48322,3.008607,-2.795193
123,IX-12-66264_0008_0124_THM.tif,09:42:06,20.979999542236328,3.5399999618530273,27.8,7.613001,3.486496,2.594217
124,IX-12-66264_0008_0125_THM.tif,09:42:07,20.93000030517578,3.440000057220459,27.8,7.289799,-1.098694,1.260309
125,IX-12-66264_0008_0126_THM.tif,09:42:09,21.190000534057617,3.5299999713897705,27.8,7.36025,-2.882389,-1.611097
126,IX-12-66264_0008_0127_THM.tif,09:42:11,21.219999313354492,3.7699999809265137,27.8,6.140385,-5.598221,-2.265692
127,IX-12-66264_0008_0128_THM.tif,09:42:35,20.739999771118164,3.569999933242798,27.8,8.977358,-5.418421,120.532707
128,IX-12-66264_0008_0129_THM.tif,09:42:37,20.850000381469727,3.759999990463257,27.8,9.153676,9.12982,113.335442
129,IX-12-66264_0008_0130_THM.tif,09:42:39,20.739999771118164,4.090000152587891,27.8,8.168991,15.136015,117.258888
130,IX-12-66264_0008_0131_THM.tif,09:42:41,20.6200008392334,4.309999942779541,27.8,7.084318,12.420569,125.764328
131,IX-12-66264_0008_0132_THM.tif,09:42:42,20.399999618530273,4.400000095367432,27.8,6.301157,7.478403,131.728531
132,IX-12-66264_0008_0133_THM.tif,09:42:44,20.3700008392334,4.409999847412109,27.8,5.642442,0.888751,133.452209
133,IX-12-66264_0008_0134_THM.tif,09:42:45,20.56999969482422,4.300000190734863,27.8,5.972636,-2.284538,132.672302
134,IX-12-66264_0008_0135_THM.tif,09:42:47,20.579999923706055,4.5,27.8,2.886575,-2.861331,129.623184
135,IX-12-66264_0008_0136_THM.tif,09:42:49,20.329999923706055,4.449999809265137,27.8,4.764452,-0.418921,125.190048
136,IX-12-66264_0008_0137_THM.tif,09:42:51,20.43000030517578,4.559999942779541,27.8,7.25879,-0.255488,125.127022
137,IX-12-66264_0008_0138_THM.tif,09:42:52,20.610000610351562,4.570000171661377,27.8,7.115081,5.391845,125.380676
138,IX-12-66264_0008_0139_THM.tif,09:42:54,20.729999542236328,4.659999847412109,27.8,7.912654,3.540582,126.186363
139,IX-12-66264_0008_0140_THM.tif,09:42:56,20.420000076293945,4.340000152587891,27.8,5.680382,5.779079,126.039902
140,IX-12-66264_0008_0141_THM.tif,09:42:57,20.84000015258789,4.579999923706055,27.8,1.090208,7.487069,126.12233
141,IX-12-66264_0008_0142_THM.tif,09:42:59,21.049999237060547,4.599999904632568,27.8,3.445639,5.802868,125.763863
142,IX-12-66264_0008_0143_THM.tif,09:43:00,20.8700008392334,4.260000228881836,27.8,5.17983,9.995111,125.89772
143,IX-12-66264_0008_0144_THM.tif,09:43:02,21.8799991607666,4.389999866485596,27.8,3.941596,8.879035,128.35144
144,IX-12-66264_0008_0145_THM.tif,09:43:03,22.389999389648438,4.650000095367432,27.8,1.680168,4.306494,130.582626
145,IX-12-66264_0008_0146_THM.tif,09:43:05,22.1299991607666,4.119999885559082,27.8,2.013342,4.291823,134.693344
146,IX-12-66264_0008_0147_THM.tif,09:43:06,21.3700008392334,4.179999828338623,27.8,4.526385,-0.592969,133.92897
147,IX-12-66264_0008_0148_THM.tif,09:43:08,21.020000457763672,4.170000076293945,27.8,7.015171,1.414694,132.291107
148,IX-12-66264_0008_0149_THM.tif,09:43:10,21.190000534057617,4.210000038146973,27.8,8.182313,0.00461,129.051315
149,IX-12-66264_0008_0150_THM.tif,09:43:11,20.899999618530273,3.2799999713897705,27.8,10.160637,6.639629,126.563751
150,IX-12-66264_0008_0151_THM.tif,09:43:38,21.59000015258789,3.5299999713897705,27.8,3.483566,15.83082,0.659575
151,IX-12-66264_0008_0152_THM.tif,09:43:40,20.850000381469727,3.6600000858306885,27.8,7.995674,-4.924324,16.478882
152,IX-12-66264_0008_0153_THM.tif,09:43:42,20.690000534057617,3.640000104904175,27.8,8.702267,-12.566106,9.864388
153,IX-12-66264_0008_0154_THM.tif,09:43:44,21.389999389648438,4.340000152587891,27.8,8.061281,-14.555917,0.010527
154,IX-12-66264_0008_0155_THM.tif,09:43:45,21.399999618530273,4.78000020980835,27.8,6.721928,-8.824893,-7.420641
155,IX-12-66264_0008_0156_THM.tif,09:43:47,21.329999923706055,4.739999771118164,27.8,5.898027,-2.958615,-9.217667
156,IX-12-66264_0008_0157_THM.tif,09:43:48,21.149999618530273,4.489999771118164,27.8,3.236858,2.066471,-8.498724
157,IX-12-66264_0008_0158_THM.tif,09:43:50,20.530000686645508,4.480000019073486,27.8,3.946109,1.310448,-2.351074
158,IX-12-66264_0008_0159_THM.tif,09:43:52,19.75,4.139999866485596,27.8,5.119274,-1.731159,0.04541
159,IX-12-66264_0008_0160_THM.tif,09:43:54,19.020000457763672,3.869999885559082,27.8,6.496212,-4.601665,-0.271674
160,IX-12-66264_0008_0161_THM.tif,09:43:55,19.31999969482422,4.099999904632568,27.8,7.280634,-4.961986,-2.644502
161,IX-12-66264_0008_0162_THM.tif,09:43:57,19.18000030517578,4.170000076293945,27.8,8.502535,-3.044652,-5.560481
162,IX-12-66264_0008_0163_THM.tif,09:43:58,19.450000762939453,4.090000152587891,27.8,9.75102,1.944487,-7.764908
163,IX-12-66264_0008_0164_THM.tif,09:44:00,19.309999465942383,3.819999933242798,27.8,9.88134,3.747535,-6.961848
164,IX-12-66264_0008_0165_THM.tif,09:44:01,18.899999618530273,3.559999942779541,27.8,8.522645,-1.478531,-4.750724
165,IX-12-66264_0008_0166_THM.tif,09:44:03,19.110000610351562,3.690000057220459,27.8,9.496441,-0.359721,-4.689295
166,IX-12-66264_0008_0167_THM.tif,09:44:04,19.979999542236328,3.7899999618530273,27.8,8.268149,-0.5783,-5.871806
167,IX-12-66264_0008_0168_THM.tif,09:44:06,19.979999542236328,3.890000104904175,27.8,9.475559,-2.191128,-3.407746
168,IX-12-66264_0008_0169_THM.tif,09:44:07,20.600000381469727,3.9600000381469727,27.8,9.100259,3.528356,0.725912
169,IX-12-66264_0008_0170_THM.tif,09:44:09,19.579999923706055,4.050000190734863,27.8,9.821461,-4.017772,1.484534
170,IX-12-66264_0008_0171_THM.tif,09:44:11,19.709999084472656,3.9800000190734863,27.8,8.756139,-8.284178,-3.114787
171,IX-12-66264_0008_0172_THM.tif,09:44:12,20.469999313354492,4.050000190734863,27.8,6.669796,-2.187263,-5.537496
172,IX-12-66264_0008_0173_THM.tif,09:44:14,20.350000381469727,3.890000104904175,27.8,4.087432,-4.482856,-4.630895
173,IX-12-66264_0008_0174_THM.tif,09:44:40,18.989999771118164,3.9000000953674316,27.8,3.538708,-8.603704,123.043266
174,IX-12-66264_0008_0175_THM.tif,09:44:42,17.979999542236328,3.0799999237060547,27.8,6.428542,1.372652,112.385101
175,IX-12-66264_0008_0176_THM.tif,09:44:44,17.600000381469727,2.5799999237060547,27.8,8.130369,9.142586,115.295601
176,IX-12-66264_0008_0177_THM.tif,09:44:46,17.729999542236328,2.680000066757202,27.8,8.234762,11.764354,125.523514
177,IX-12-66264_0008_0178_THM.tif,09:44:47,17.93000030517578,3.0799999237060547,27.8,9.984561,7.290215,130.947311
178,IX-12-66264_0008_0179_THM.tif,09:44:49,18.3799991607666,3.450000047683716,27.8,7.746458,3.791842,133.213287
179,IX-12-66264_0008_0180_THM.tif,09:44:50,18.719999313354492,3.809999942779541,27.8,7.653269,0.38973,131.385056
180,IX-12-66264_0008_0181_THM.tif,09:44:52,18.700000762939453,3.740000009536743,27.8,8.305476,0.929343,126.735298
181,IX-12-66264_0008_0182_THM.tif,09:44:54,18.829999923706055,3.75,27.8,5.69691,3.48407,124.619278
182,IX-12-66264_0008_0183_THM.tif,09:44:55,18.75,3.799999952316284,27.8,5.601645,2.403455,126.798225
183,IX-12-66264_0008_0184_THM.tif,09:44:58,18.530000686645508,3.7100000381469727,27.8,5.151312,3.496428,125.335205
184,IX-12-66264_0008_0185_THM.tif,09:44:59,18.190000534057617,3.75,27.8,4.301541,2.576989,126.333542
185,IX-12-66264_0008_0186_THM.tif,09:45:01,17.6299991607666,3.4700000286102295,27.8,4.196348,2.676747,126.759163
186,IX-12-66264_0008_0187_THM.tif,09:45:03,17.229999542236328,3.0899999141693115,27.8,5.119491,2.309581,128.316223
187,IX-12-66264_0008_0188_THM.tif,09:45:04,18.6200008392334,3.890000104904175,27.8,3.961012,0.536564,128.62941
188,IX-12-66264_0008_0189_THM.tif,09:45:06,19.030000686645508,4.130000114440918,27.8,5.555104,3.308772,126.695724
189,IX-12-66264_0008_0190_THM.tif,09:45:08,19.6299991607666,4.349999904632568,27.8,5.347569,4.326888,126.060143
190,IX-12-66264_0008_0191_THM.tif,09:45:09,19.770000457763672,4.309999942779541,27.8,4.366773,9.064139,126.283043
191,IX-12-66264_0008_0192_THM.tif,09:45:11,19.850000381469727,4.019999980926514,27.8,1.112718,7.007408,128.233597
192,IX-12-66264_0008_0193_THM.tif,09:45:12,19.84000015258789,3.4200000762939453,27.8,-0.809126,8.144376,130.254822
193,IX-12-66264_0008_0194_THM.tif,09:45:14,19.579999923706055,3.069999933242798,27.8,2.480993,8.386788,130.723358
194,IX-12-66264_0008_0195_THM.tif,09:45:15,19.940000534057617,3.9000000953674316,27.8,1.835776,2.917608,135.516251
195,IX-12-66264_0008_0196_THM.tif,09:45:16,18.219999313354492,3.3399999141693115,27.8,1.796144,22.058949,143.496613
196,IX-12-66264_0008_0197_THM.tif,09:45:42,20.479999542236328,3.190000057220459,27.8,1.167006,9.048228,-3.635971
197,IX-12-66264_0008_0198_THM.tif,09:45:43,20.56999969482422,4.019999980926514,27.8,2.985613,11.722697,6.560839
198,IX-12-66264_0008_0199_THM.tif,09:45:45,19.43000030517578,3.990000009536743,27.8,0.019134,-3.394456,5.947761
199,IX-12-66264_0008_0200_THM.tif,09:45:47,18.790000915527344,3.819999933242798,27.8,3.173325,-2.416747,0.90617
200,IX-12-66264_0008_0201_THM.tif,09:45:48,18.5,3.619999885559082,27.8,4.634652,3.533229,-3.925139
201,IX-12-66264_0008_0202_THM.tif,09:45:50,17.75,2.9600000381469727,27.8,4.390981,3.485747,-6.482305
202,IX-12-66264_0008_0203_THM.tif,09:45:52,17.700000762939453,2.990000009536743,27.8,7.260085,7.668024,-4.060816
203,IX-12-66264_0008_0204_THM.tif,09:45:53,18.0,3.190000057220459,27.8,6.13155,5.209168,-0.691075
204,IX-12-66264_0008_0205_THM.tif,09:45:55,17.690000534057617,3.1500000953674316,27.8,7.557338,-0.128624,4.793371
205,IX-12-66264_0008_0206_THM.tif,09:45:57,17.739999771118164,3.3499999046325684,27.8,8.474638,-3.64861,2.361131
206,IX-12-66264_0008_0207_THM.tif,09:45:58,18.209999084472656,3.700000047683716,27.8,8.96651,0.541985,-0.565081
207,IX-12-66264_0008_0208_THM.tif,09:46:00,18.489999771118164,3.640000104904175,27.8,10.915224,-2.379868,-3.673223
208,IX-12-66264_0008_0209_THM.tif,09:46:02,18.469999313354492,3.369999885559082,27.8,10.242117,1.131577,-7.866036
209,IX-12-66264_0008_0210_THM.tif,09:46:04,18.540000915527344,3.4600000381469727,27.8,11.223873,6.978221,-6.582613
210,IX-12-66264_0008_0211_THM.tif,09:46:06,18.450000762939453,3.359999895095825,27.8,9.214103,6.352596,-4.660769
211,IX-12-66264_0008_0212_THM.tif,09:46:07,18.06999969482422,3.119999885559082,27.8,10.189988,5.036388,-2.744922
212,IX-12-66264_0008_0213_THM.tif,09:46:09,17.8700008392334,2.819999933242798,27.8,9.048018,2.837811,-2.674769
213,IX-12-66264_0008_0214_THM.tif,09:46:11,17.90999984741211,2.6700000762939453,27.8,7.6611,3.896337,-2.407991
214,IX-12-66264_0008_0215_THM.tif,09:46:12,17.850000381469727,2.5799999237060547,27.8,5.361511,2.248291,-1.47785
215,IX-12-66264_0008_0216_THM.tif,09:46:14,17.93000030517578,2.6700000762939453,27.8,9.270069,-0.707316,-3.113239
216,IX-12-66264_0008_0217_THM.tif,09:46:15,18.31999969482422,2.9200000762939453,27.8,6.347061,1.902582,-7.163381
217,IX-12-66264_0008_0218_THM.tif,09:46:44,18.729999542236328,3.0999999046325684,27.8,12.167157,-2.400875,117.666542
218,IX-12-66264_0008_0219_THM.tif,09:46:46,18.75,3.1500000953674316,27.8,8.710529,3.1579,116.61573
219,IX-12-66264_0008_0220_THM.tif,09:46:48,18.8700008392334,2.9800000190734863,27.8,4.508838,5.083205,117.505035
220,IX-12-66264_0008_0221_THM.tif,09:46:50,18.809999465942383,3.0,27.8,5.352683,7.98444,122.10273
221,IX-12-66264_0008_0222_THM.tif,09:46:52,18.549999237060547,3.25,27.8,5.06207,2.587396,128.156097
222,IX-12-66264_0008_0223_THM.tif,09:46:53,18.5,3.440000057220459,27.8,4.364728,1.581963,128.513504
223,IX-12-66264_0008_0224_THM.tif,09:46:55,18.540000915527344,3.369999885559082,27.8,6.38116,2.705519,126.754982
224,IX-12-66264_0008_0225_THM.tif,09:46:57,18.540000915527344,3.200000047683716,27.8,8.519815,6.222663,124.484459
225,IX-12-66264_0008_0226_THM.tif,09:46:58,18.3799991607666,3.359999895095825,27.8,10.104034,7.621197,124.197891
226,IX-12-66264_0008_0227_THM.tif,09:47:00,18.299999237060547,3.440000057220459,27.8,9.386584,8.315743,125.491707
227,IX-12-66264_0008_0228_THM.tif,09:47:01,18.0,3.390000104904175,27.8,8.968076,6.564615,126.976814
228,IX-12-66264_0008_0229_THM.tif,09:47:03,17.479999542236328,3.200000047683716,27.8,8.881082,5.017972,129.957733
229,IX-12-66264_0008_0230_THM.tif,09:47:04,17.149999618530273,2.950000047683716,27.8,8.398565,1.612053,130.054779
230,IX-12-66264_0008_0231_THM.tif,09:47:06,17.030000686645508,2.8399999141693115,27.8,7.753328,2.558577,126.670929
231,IX-12-66264_0008_0232_THM.tif,09:47:08,17.059999465942383,2.819999933242798,27.8,7.138286,6.183836,125.111565
232,IX-12-66264_0008_0233_THM.tif,09:47:09,17.200000762939453,2.9600000381469727,27.8,8.784427,5.82721,126.218117
233,IX-12-66264_0008_0234_THM.tif,09:47:11,17.219999313354492,2.9100000858306885,27.8,9.676812,6.311941,127.498047
234,IX-12-66264_0008_0235_THM.tif,09:47:12,17.510000228881836,3.180000066757202,27.8,8.962749,4.074275,127.664696
235,IX-12-66264_0008_0236_THM.tif,09:47:14,17.729999542236328,3.2100000381469727,27.8,6.364242,5.945035,127.424446
236,IX-12-66264_0008_0237_THM.tif,09:47:15,17.850000381469727,3.119999885559082,27.8,6.841797,5.316859,129.216354
237,IX-12-66264_0008_0238_THM.tif,09:47:17,18.110000610351562,3.1700000762939453,27.8,5.062327,-0.383319,129.138794
238,IX-12-66264_0008_0239_THM.tif,09:47:18,18.610000610351562,3.4800000190734863,27.8,4.640513,-1.441842,130.889404
239,IX-12-66264_0008_0240_THM.tif,09:47:44,18.34000015258789,3.180000066757202,27.8,1.754751,15.683125,-7.305563
240,IX-12-66264_0008_0241_THM.tif,09:47:46,18.010000228881836,3.190000057220459,27.8,6.144912,9.214565,6.392017
241,IX-12-66264_0008_0242_THM.tif,09:47:48,17.850000381469727,3.069999933242798,27.8,5.200681,-1.199465,13.758288
242,IX-12-66264_0008_0243_THM.tif,09:47:50,17.389999389648438,2.8299999237060547,27.8,9.447946,-5.992172,9.097922
243,IX-12-66264_0008_0244_THM.tif,09:47:51,16.90999984741211,2.490000009536743,27.8,9.294473,-11.040255,1.607368
244,IX-12-66264_0008_0245_THM.tif,09:47:53,17.010000228881836,2.5399999618530273,27.8,8.94763,-6.908607,-5.339841
245,IX-12-66264_0008_0246_THM.tif,09:47:54,17.079999923706055,2.4700000286102295,27.8,8.251668,-1.329833,-5.933331
246,IX-12-66264_0008_0247_THM.tif,09:47:56,16.979999542236328,2.559999942779541,27.8,8.607865,-4.072711,-4.133364
247,IX-12-66264_0008_0248_THM.tif,09:47:57,17.200000762939453,2.8399999141693115,27.8,7.942346,-2.598351,-0.912298
248,IX-12-66264_0008_0249_THM.tif,09:47:59,17.540000915527344,3.2100000381469727,27.8,7.090567,-2.84555,0.733722
249,IX-12-66264_0008_0250_THM.tif,09:48:01,17.959999084472656,3.490000009536743,27.8,6.731407,-5.270011,-0.555811
250,IX-12-66264_0008_0251_THM.tif,09:48:02,18.3700008392334,3.5999999046325684,27.8,3.812917,-2.873784,-3.019933
251,IX-12-66264_0008_0252_THM.tif,09:48:04,18.75,3.549999952316284,27.8,2.905127,-0.141958,-5.711346
252,IX-12-66264_0008_0253_THM.tif,09:48:06,18.81999969482422,3.4600000381469727,27.8,3.904793,0.694669,-5.206218
253,IX-12-66264_0008_0254_THM.tif,09:48:07,18.739999771118164,3.390000104904175,27.8,5.973512,1.997733,-4.785013
254,IX-12-66264_0008_0255_THM.tif,09:48:09,18.709999084472656,3.3499999046325684,27.8,7.759299,1.841051,-1.928958
255,IX-12-66264_0008_0256_THM.tif,09:48:11,18.5,3.2899999618530273,27.8,7.469734,-1.799429,1.5358
256,IX-12-66264_0008_0257_THM.tif,09:48:12,18.56999969482422,3.1500000953674316,27.8,6.666804,-3.078443,2.59615
257,IX-12-66264_0008_0258_THM.tif,09:48:14,18.780000686645508,3.3299999237060547,27.8,7.143178,-4.979243,1.328272
258,IX-12-66264_0008_0259_THM.tif,09:48:15,19.25,3.359999895095825,27.8,8.917099,-5.640961,-1.060003
259,IX-12-66264_0008_0260_THM.tif,09:48:17,19.59000015258789,3.4600000381469727,27.8,8.255837,-1.86111,-3.033571
260,IX-12-66264_0008_0261_THM.tif,09:48:19,19.739999771118164,3.359999895095825,27.8,7.368577,-0.263572,-2.947534
261,IX-12-66264_0008_0262_THM.tif,09:48:20,19.8799991607666,3.4700000286102295,27.8,9.526984,-1.501053,-0.186185
262,IX-12-66264_0008_0263_THM.tif,09:48:48,19.760000228881836,3.5,27.8,2.554271,-0.663074,120.123711
263,IX-12-66264_0008_0264_THM.tif,09:48:50,19.90999984741211,3.7100000381469727,27.8,1.231665,4.622557,115.205132
264,IX-12-66264_0008_0265_THM.tif,09:48:51,19.709999084472656,3.5899999141693115,27.8,5.617455,11.211346,118.969917
265,IX-12-66264_0008_0266_THM.tif,09:48:53,19.420000076293945,3.2899999618530273,27.8,4.650589,9.727573,125.889366
266,IX-12-66264_0008_0267_THM.tif,09:48:54,18.969999313354492,3.390000104904175,27.8,3.970258,6.128979,129.374054
267,IX-12-66264_0008_0268_THM.tif,09:48:56,18.790000915527344,3.2100000381469727,27.8,4.823963,6.034491,128.050003
268,IX-12-66264_0008_0269_THM.tif,09:48:58,18.860000610351562,3.2899999618530273,27.8,4.803118,3.086978,126.972031
269,IX-12-66264_0008_0270_THM.tif,09:48:59,18.920000076293945,3.3399999141693115,27.8,4.767078,6.7569,123.526169
270,IX-12-66264_0008_0271_THM.tif,09:49:01,19.079999923706055,3.25,27.8,7.421323,5.744022,129.167511
271,IX-12-66264_0008_0272_THM.tif,09:49:03,18.979999542236328,3.180000066757202,27.8,2.907041,2.219112,133.315735
272,IX-12-66264_0008_0273_THM.tif,09:49:04,18.420000076293945,3.4600000381469727,27.8,1.931749,-2.972502,133.478912
273,IX-12-66264_0008_0274_THM.tif,09:49:06,17.649999618530273,3.119999885559082,27.8,0.997998,-3.832312,129.644974
274,IX-12-66264_0008_0275_THM.tif,09:49:07,16.700000762939453,2.559999942779541,27.8,6.952727,-1.124675,126.220383
275,IX-12-66264_0008_0276_THM.tif,09:49:09,16.719999313354492,2.509999990463257,27.8,6.101199,0.815408,122.811172
276,IX-12-66264_0008_0277_THM.tif,09:49:11,16.56999969482422,2.4600000381469727,27.8,7.14019,3.945457,121.448746
277,IX-12-66264_0008_0278_THM.tif,09:49:12,16.75,2.490000009536743,27.8,6.687027,2.947404,121.025528
278,IX-12-66264_0008_0279_THM.tif,09:49:14,17.010000228881836,2.4700000286102295,27.8,5.995945,3.407463,125.038948
279,IX-12-66264_0008_0280_THM.tif,09:49:15,17.079999923706055,2.619999885559082,27.8,2.905335,1.578859,126.404549
280,IX-12-66264_0008_0281_THM.tif,09:49:17,17.200000762939453,2.7799999713897705,27.8,2.097898,2.946351,127.40493
281,IX-12-66264_0008_0282_THM.tif,09:49:19,17.469999313354492,2.6600000858306885,27.8,2.635458,2.990484,127.642975
282,IX-12-66264_0008_0283_THM.tif,09:49:20,17.770000457763672,2.8499999046325684,27.8,3.292014,1.149776,124.205177
283,IX-12-66264_0008_0284_THM.tif,09:49:22,17.739999771118164,2.4200000762939453,27.8,-1.088507,5.853934,121.813683
284,IX-12-66264_0008_0285_THM.tif,09:49:47,17.93000030517578,2.8299999237060547,27.8,6.430427,3.761995,9.901835
285,IX-12-66264_0008_0286_THM.tif,09:49:49,18.049999237060547,2.940000057220459,27.8,8.366763,-12.550657,11.283616
286,IX-12-66264_0008_0287_THM.tif,09:49:50,18.030000686645508,3.0299999713897705,27.8,8.699945,-10.857077,4.138419
287,IX-12-66264_0008_0288_THM.tif,09:49:52,18.010000228881836,2.9800000190734863,27.8,7.807971,-11.502733,-4.77149
288,IX-12-66264_0008_0289_THM.tif,09:49:53,17.780000686645508,2.859999895095825,27.8,5.75837,-1.532661,-9.883891
289,IX-12-66264_0008_0290_THM.tif,09:49:55,17.399999618530273,2.8499999046325684,27.8,5.598507,2.459021,-7.701638
290,IX-12-66264_0008_0291_THM.tif,09:49:57,17.260000228881836,2.680000066757202,27.8,5.133296,0.04542,-3.506046
291,IX-12-66264_0008_0292_THM.tif,09:49:58,17.239999771118164,2.6500000953674316,27.8,2.988785,-1.999851,0.768191
292,IX-12-66264_0008_0293_THM.tif,09:50:00,17.59000015258789,2.819999933242798,27.8,6.241252,-5.121364,1.938364
293,IX-12-66264_0008_0294_THM.tif,09:50:01,18.049999237060547,3.180000066757202,27.8,3.377504,-3.620159,-1.187538
294,IX-12-66264_0008_0295_THM.tif,09:50:04,18.8799991607666,3.609999895095825,27.8,-0.0284,-2.395756,-1.556726
295,IX-12-66264_0008_0296_THM.tif,09:50:05,19.739999771118164,3.4000000953674316,27.8,5.531191,-8.549645,-2.019144
296,IX-12-66264_0008_0297_THM.tif,09:50:07,19.600000381469727,3.4000000953674316,27.8,4.425066,-5.674076,-2.395131
297,IX-12-66264_0008_0298_THM.tif,09:50:08,19.469999313354492,3.4700000286102295,27.8,4.013971,-3.58799,-3.857491
298,IX-12-66264_0008_0299_THM.tif,09:50:10,19.420000076293945,3.259999990463257,27.8,6.767381,-2.896698,-4.313818
299,IX-12-66264_0008_0300_THM.tif,09:50:11,19.40999984741211,3.4800000190734863,27.8,9.119061,1.487453,-1.494716
300,IX-12-66264_0008_0301_THM.tif,09:50:13,19.420000076293945,3.549999952316284,27.8,9.56446,-4.433453,-2.905817
301,IX-12-66264_0008_0302_THM.tif,09:50:14,19.920000076293945,3.490000009536743,27.8,11.08576,-0.535299,-4.305629
302,IX-12-66264_0008_0303_THM.tif,09:50:16,20.09000015258789,3.559999942779541,27.8,12.96217,-2.621972,-5.211708
303,IX-12-66264_0008_0304_THM.tif,09:50:18,20.239999771118164,3.559999942779541,27.8,9.500878,0.247596,-8.832513
304,IX-12-66264_0008_0305_THM.tif,09:50:19,20.190000534057617,3.619999885559082,27.8,9.790195,5.23558,-5.539332
305,IX-12-66264_0008_0306_THM.tif,09:50:46,20.020000457763672,3.630000114440918,27.8,4.101702,-12.4844,122.030807
306,IX-12-66264_0008_0307_THM.tif,09:50:48,20.139999389648438,3.609999895095825,27.8,4.453993,-2.913818,111.014153
307,IX-12-66264_0008_0308_THM.tif,09:50:50,20.149999618530273,3.4000000953674316,27.8,5.039946,10.75442,111.317223
308,IX-12-66264_0008_0309_THM.tif,09:50:52,20.049999237060547,3.5199999809265137,27.8,3.782083,9.369935,120.946617
309,IX-12-66264_0008_0310_THM.tif,09:50:53,19.579999923706055,3.4000000953674316,27.8,6.732751,4.570371,125.66655
310,IX-12-66264_0008_0311_THM.tif,09:50:55,19.450000762939453,3.3499999046325684,27.8,3.304976,7.045716,127.719063
311,IX-12-66264_0008_0312_THM.tif,09:50:57,19.34000015258789,3.2899999618530273,27.8,9.824214,4.904485,128.653
312,IX-12-66264_0008_0313_THM.tif,09:50:58,19.559999465942383,3.430000066757202,27.8,11.443995,0.460041,129.231216
313,IX-12-66264_0008_0314_THM.tif,09:51:00,19.709999084472656,3.5799999237060547,27.8,8.494003,3.342424,127.535591
314,IX-12-66264_0008_0315_THM.tif,09:51:01,19.700000762939453,3.5299999713897705,27.8,8.314446,3.605292,128.937744
315,IX-12-66264_0008_0316_THM.tif,09:51:03,19.389999389648438,3.690000057220459,27.8,7.304734,-2.348252,130.012192
316,IX-12-66264_0008_0317_THM.tif,09:51:04,18.790000915527344,3.2699999809265137,27.8,4.740586,-4.348588,126.984055
317,IX-12-66264_0008_0318_THM.tif,09:51:06,18.540000915527344,3.5,27.8,2.642801,-0.36124,125.451126
318,IX-12-66264_0008_0319_THM.tif,09:51:07,18.639999389648438,3.0999999046325684,27.8,2.327274,4.343463,125.226181
319,IX-12-66264_0008_0320_THM.tif,09:51:09,18.260000228881836,3.4000000953674316,27.8,3.068762,-2.489647,126.945381
320,IX-12-66264_0008_0321_THM.tif,09:51:10,18.270000457763672,3.3499999046325684,27.8,3.213311,-0.827497,126.131996
321,IX-12-66264_0008_0322_THM.tif,09:51:12,18.709999084472656,3.3499999046325684,27.8,5.352064,1.963656,125.257942
322,IX-12-66264_0008_0323_THM.tif,09:51:14,18.639999389648438,3.319999933242798,27.8,4.319569,3.88744,127.013191
323,IX-12-66264_0008_0324_THM.tif,09:51:15,18.549999237060547,3.319999933242798,27.8,6.128504,-2.625946,125.89595
324,IX-12-66264_0008_0325_THM.tif,09:51:17,18.90999984741211,3.130000114440918,27.8,6.988911,0.436523,125.893013
325,IX-12-66264_0008_0326_THM.tif,09:51:19,18.860000610351562,3.0199999809265137,27.8,8.630718,-0.260983,130.467773
326,IX-12-66264_0008_0327_THM.tif,09:51:20,18.540000915527344,2.9800000190734863,27.8,6.102234,-7.331934,130.018051
327,IX-12-66264_0008_0328_THM.tif,09:51:44,18.850000381469727,3.2200000286102295,27.8,-7.168151,26.307262,-12.524487
328,IX-12-66264_0008_0329_THM.tif,09:51:46,19.010000228881836,3.369999885559082,27.8,-4.418484,13.983486,6.56732
329,IX-12-66264_0008_0330_THM.tif,09:51:48,19.709999084472656,3.450000047683716,27.8,3.946681,-3.252916,17.05501
330,IX-12-66264_0008_0331_THM.tif,09:51:50,20.350000381469727,3.2799999713897705,27.8,10.368396,-11.116248,18.879818
331,IX-12-66264_0008_0332_THM.tif,09:51:51,20.510000228881836,3.0299999713897705,27.8,8.265954,-17.22156,12.660966
332,IX-12-66264_0008_0333_THM.tif,09:51:53,20.559999465942383,2.6500000953674316,27.8,8.090322,-21.378679,2.446394
333,IX-12-66264_0008_0334_THM.tif,09:51:54,20.389999389648438,3.1600000858306885,27.8,3.770865,-12.218442,-3.093639
334,IX-12-66264_0008_0335_THM.tif,09:51:56,20.229999542236328,3.3499999046325684,27.8,1.797352,-10.349422,-5.367789
335,IX-12-66264_0008_0336_THM.tif,09:51:57,20.6200008392334,3.4600000381469727,27.8,9.062792,-7.180345,-5.390901
336,IX-12-66264_0008_0337_THM.tif,09:51:59,20.8799991607666,3.299999952316284,27.8,8.584878,-9.819023,-6.093101
337,IX-12-66264_0008_0338_THM.tif,09:52:00,20.959999084472656,3.3499999046325684,27.8,2.541204,-7.243071,-8.331409
338,IX-12-66264_0008_0339_THM.tif,09:52:02,20.81999969482422,3.559999942779541,27.8,3.705487,-0.759501,-8.943783
339,IX-12-66264_0008_0340_THM.tif,09:52:03,21.040000915527344,3.319999933242798,27.8,2.146975,-3.938435,-8.292039
340,IX-12-66264_0008_0341_THM.tif,09:52:05,20.65999984741211,3.569999933242798,27.8,5.380872,1.850628,-8.444905
341,IX-12-66264_0008_0342_THM.tif,09:52:06,20.399999618530273,3.0399999618530273,27.8,4.688154,1.087833,-6.902225
342,IX-12-66264_0008_0343_THM.tif,09:52:08,20.290000915527344,3.450000047683716,27.8,5.073267,-0.195198,-6.122304
343,IX-12-66264_0008_0344_THM.tif,09:52:09,20.389999389648438,3.4000000953674316,27.8,2.068025,0.213003,-2.942723
344,IX-12-66264_0008_0345_THM.tif,09:52:12,20.809999465942383,3.240000009536743,27.8,7.379669,-3.517821,-1.606178
345,IX-12-66264_0008_0346_THM.tif,09:52:14,20.93000030517578,3.380000114440918,27.8,6.975284,-5.659791,-0.919169
346,IX-12-66264_0008_0347_THM.tif,09:52:15,20.860000610351562,3.2899999618530273,27.8,7.819093,-4.87784,-0.909664
347,IX-12-66264_0008_0348_THM.tif,09:52:17,20.8700008392334,2.7799999713897705,27.8,8.723511,-1.07987,-3.929757
348,IX-12-66264_0008_0349_THM.tif,09:52:44,21.219999313354492,3.069999933242798,27.8,8.875069,-4.349714,119.399879
349,IX-12-66264_0008_0350_THM.tif,09:52:46,21.389999389648438,2.6500000953674316,27.8,9.662445,5.014447,118.08239
350,IX-12-66264_0008_0351_THM.tif,09:52:48,21.40999984741211,2.509999990463257,27.8,9.221523,6.018902,122.840378
351,IX-12-66264_0008_0352_THM.tif,09:52:49,21.40999984741211,2.5199999809265137,27.8,7.892806,7.500525,126.995895
352,IX-12-66264_0008_0353_THM.tif,09:52:51,21.229999542236328,2.6500000953674316,27.8,7.933357,3.092443,128.975296
353,IX-12-66264_0008_0354_THM.tif,09:52:53,21.200000762939453,2.690000057220459,27.8,6.108689,-1.354131,127.569481
354,IX-12-66264_0008_0355_THM.tif,09:52:54,21.260000228881836,2.759999990463257,27.8,6.85989,0.954695,125.023148
355,IX-12-66264_0008_0356_THM.tif,09:52:56,21.610000610351562,2.619999885559082,27.8,7.094353,2.583146,123.134491
356,IX-12-66264_0008_0357_THM.tif,09:52:58,21.780000686645508,2.630000114440918,27.8,5.484332,3.161999,123.964821
357,IX-12-66264_0008_0358_THM.tif,09:53:00,21.979999542236328,2.490000009536743,27.8,6.747749,4.854947,124.313026
358,IX-12-66264_0008_0359_THM.tif,09:53:01,22.010000228881836,2.5399999618530273,27.8,7.190466,7.305281,127.942139
359,IX-12-66264_0008_0360_THM.tif,09:53:03,21.90999984741211,2.4800000190734863,27.8,7.984667,2.814261,127.03981
360,IX-12-66264_0008_0361_THM.tif,09:53:05,21.56999969482422,2.7899999618530273,27.8,6.116576,3.557194,129.645203
361,IX-12-66264_0008_0362_THM.tif,09:53:06,21.06999969482422,2.819999933242798,27.8,9.173326,-0.788766,129.607712
362,IX-12-66264_0008_0363_THM.tif,09:53:08,20.979999542236328,2.740000009536743,27.8,5.042705,-3.175447,129.584885
363,IX-12-66264_0008_0364_THM.tif,09:53:09,21.079999923706055,2.4200000762939453,27.8,5.078457,1.208297,132.231171
364,IX-12-66264_0008_0365_THM.tif,09:53:11,20.940000534057617,2.8499999046325684,27.8,4.26136,-1.555453,132.966736
365,IX-12-66264_0008_0366_THM.tif,09:53:12,20.940000534057617,2.9200000762939453,27.8,4.43888,-4.174044,131.856766
366,IX-12-66264_0008_0367_THM.tif,09:53:14,21.15999984741211,2.7899999618530273,27.8,3.661893,-1.183583,126.942772
367,IX-12-66264_0008_0368_THM.tif,09:53:15,21.520000457763672,2.700000047683716,27.8,8.184388,-3.388024,126.258865
368,IX-12-66264_0008_0369_THM.tif,09:53:18,21.690000534057617,2.680000066757202,27.8,-1.256971,3.185975,124.275688
369,IX-12-66264_0008_0370_THM.tif,09:53:20,21.68000030517578,2.5799999237060547,27.8,4.319417,1.893128,124.818283
370,IX-12-66264_0008_0371_THM.tif,09:53:44,22.610000610351562,2.0899999141693115,27.8,0.694511,3.829883,4.032391
371,IX-12-66264_0008_0372_THM.tif,09:53:46,22.670000076293945,1.850000023841858,27.8,0.371025,-8.394105,7.91228
372,IX-12-66264_0008_0373_THM.tif,09:53:47,22.6299991607666,1.3899999856948853,27.8,1.555153,-15.423754,10.693366
373,IX-12-66264_0008_0374_THM.tif,09:53:49,22.459999084472656,1.340000033378601,27.8,-1.461574,-12.012229,1.717517
374,IX-12-66264_0008_0375_THM.tif,09:53:51,22.290000915527344,1.4199999570846558,27.8,-5.925266,-6.603078,-5.948708
375,IX-12-66264_0008_0376_THM.tif,09:53:52,21.950000762939453,1.5299999713897705,27.8,-3.741905,-1.216559,-10.864022
376,IX-12-66264_0008_0377_THM.tif,09:53:54,21.93000030517578,1.8300000429153442,27.8,0.650298,1.87423,-10.235962
377,IX-12-66264_0008_0378_THM.tif,09:53:55,21.8799991607666,2.299999952316284,27.8,-0.44137,4.95277,-2.950944
378,IX-12-66264_0008_0379_THM.tif,09:53:57,22.18000030517578,1.8200000524520874,27.8,2.737552,-1.964575,4.73737
379,IX-12-66264_0008_0380_THM.tif,09:53:59,22.399999618530273,1.4299999475479126,27.8,7.637936,-4.180412,3.528245
380,IX-12-66264_0008_0381_THM.tif,09:54:01,22.729999542236328,1.340000033378601,27.8,10.582886,-7.891608,-1.851253
381,IX-12-66264_0008_0382_THM.tif,09:54:02,22.770000457763672,1.5700000524520874,27.8,13.06702,-0.422533,-2.964442
382,IX-12-66264_0008_0383_THM.tif,09:54:04,22.6299991607666,1.3300000429153442,27.8,13.44631,-4.12916,-5.213541
383,IX-12-66264_0008_0384_THM.tif,09:54:06,22.59000015258789,1.6299999952316284,27.8,12.234137,0.912947,-8.844368
384,IX-12-66264_0008_0385_THM.tif,09:54:07,22.540000915527344,2.049999952316284,27.8,8.925017,0.109257,-8.361569
385,IX-12-66264_0008_0386_THM.tif,09:54:09,22.65999984741211,1.8600000143051147,27.8,9.660376,-0.720434,-3.058629
386,IX-12-66264_0008_0387_THM.tif,09:54:11,22.770000457763672,1.5499999523162842,27.8,8.821528,-5.65835,4.763507
387,IX-12-66264_0008_0388_THM.tif,09:54:12,23.010000228881836,1.3899999856948853,27.8,3.306104,-9.179539,2.378109
388,IX-12-66264_0008_0389_THM.tif,09:54:14,22.899999618530273,1.309999942779541,27.8,6.024348,-6.076536,-3.688711
389,IX-12-66264_0008_0390_THM.tif,09:54:16,22.770000457763672,1.7599999904632568,27.8,2.803429,-4.674494,-8.113066
390,IX-12-66264_0008_0391_THM.tif,09:54:17,22.6299991607666,2.1500000953674316,27.8,0.369453,2.619432,-8.579763
391,IX-12-66264_0008_0392_THM.tif,09:54:30,20.549999237060547,3.690000057220459,27.8,-2.144551,11.232869,-120.364449
392,IX-12-66264_0008_0393_THM.tif,09:54:32,20.079999923706055,3.609999895095825,27.8,1.885029,4.583235,-113.914864
393,IX-12-66264_0008_0394_THM.tif,09:54:34,18.959999084472656,3.2699999809265137,27.8,3.550975,2.956335,-112.042274
394,IX-12-66264_0008_0395_THM.tif,09:54:35,18.81999969482422,3.180000066757202,27.8,4.665819,-4.248845,-112.284088
395,IX-12-66264_0008_0396_THM.tif,09:54:37,19.65999984741211,3.859999895095825,27.9,7.385827,-4.199625,-112.12146
396,IX-12-66264_0008_0397_THM.tif,09:54:38,21.110000610351562,3.609999895095825,27.9,9.049397,-8.622158,-115.777695
397,IX-12-66264_0008_0398_THM.tif,09:54:40,20.68000030517578,3.3299999237060547,27.9,10.060619,-6.600983,-119.524284
398,IX-12-66264_0008_0399_THM.tif,09:54:41,20.40999984741211,3.450000047683716,27.9,11.365776,-4.127483,-122.378357
399,IX-12-66264_0008_0400_THM.tif,09:54:43,20.43000030517578,3.630000114440918,27.9,11.713591,-0.680143,-124.001961
400,IX-12-66264_0008_0401_THM.tif,09:54:45,19.639999389648438,3.0399999618530273,27.9,14.394624,19.76914,-122.824509
401,IX-12-66264_0008_0402_THM.tif,09:55:09,20.350000381469727,3.2100000381469727,27.9,6.057705,8.110051,63.605019
402,IX-12-66264_0008_0403_THM.tif,09:55:11,20.110000610351562,3.0299999713897705,27.9,3.906366,-2.285373,70.526016
403,IX-12-66264_0008_0404_THM.tif,09:55:14,20.270000457763672,3.069999933242798,27.9,3.557311,-1.044652,65.719116
404,IX-12-66264_0008_0405_THM.tif,09:55:16,20.600000381469727,2.950000047683716,27.9,5.0689,2.425557,61.228344
405,IX-12-66264_0008_0406_THM.tif,09:55:18,20.93000030517578,3.0899999141693115,27.9,5.232946,1.882765,64.039948
406,IX-12-66264_0008_0407_THM.tif,09:55:20,20.479999542236328,3.559999942779541,27.9,5.086163,0.154024,64.411865
407,IX-12-66264_0008_0408_THM.tif,09:55:22,19.350000381469727,3.2699999809265137,27.9,3.646057,-1.190103,64.277534
408,IX-12-66264_0008_0409_THM.tif,09:55:25,18.68000030517578,2.6600000858306885,27.9,5.180022,1.125776,63.265774
409,IX-12-66264_0008_0410_THM.tif,09:55:27,18.59000015258789,2.759999990463257,27.9,2.358594,3.845558,64.033531
410,IX-12-66264_0008_0411_THM.tif,09:55:29,19.100000381469727,3.0899999141693115,27.9,2.9138,-0.373883,65.748207
411,IX-12-66264_0008_0412_THM.tif,09:55:31,19.950000762939453,3.25,27.9,1.62271,3.002646,64.729172
412,IX-12-66264_0008_0413_THM.tif,09:55:33,20.229999542236328,3.5399999618530273,27.9,3.950272,-0.19571,64.99955
413,IX-12-66264_0008_0414_THM.tif,09:55:36,20.709999084472656,3.740000009536743,27.9,2.987074,-1.399071,63.611519
414,IX-12-66264_0008_0415_THM.tif,09:55:38,21.200000762939453,3.7300000190734863,27.9,3.695426,3.347226,63.018589
415,IX-12-66264_0008_0416_THM.tif,09:55:40,21.25,3.859999895095825,27.9,4.937521,-1.754985,65.204353
416,IX-12-66264_0008_0417_THM.tif,09:55:42,21.360000610351562,3.8399999141693115,27.9,7.094885,1.88628,64.206772
417,IX-12-66264_0008_0418_THM.tif,09:55:44,21.239999771118164,3.8299999237060547,27.9,5.097354,4.806103,63.127186
418,IX-12-66264_0008_0419_THM.tif,09:55:46,21.34000015258789,3.559999942779541,27.9,4.398893,3.677892,62.653324
419,IX-12-66264_0008_0420_THM.tif,09:55:49,21.639999389648438,3.5799999237060547,27.9,4.875887,3.242619,63.698814
420,IX-12-66264_0008_0421_THM.tif,09:55:51,21.950000762939453,3.440000057220459,27.9,2.630362,0.906997,66.5504
421,IX-12-66264_0008_0422_THM.tif,09:55:54,22.31999969482422,2.859999895095825,27.9,3.793611,0.646587,65.538567
422,IX-12-66264_0008_0423_THM.tif,09:55:56,22.760000228881836,2.25,27.9,6.208903,-0.130287,65.121498
423,IX-12-66264_0008_0424_THM.tif,09:56:24,22.5,3.380000114440918,27.9,10.048611,-15.343201,-126.715103
424,IX-12-66264_0008_0425_THM.tif,09:56:26,22.0,4.25,27.9,9.247673,2.530647,-132.552933
425,IX-12-66264_0008_0426_THM.tif,09:56:28,21.90999984741211,4.170000076293945,27.9,6.517424,8.350129,-128.907181
426,IX-12-66264_0008_0427_THM.tif,09:56:29,21.799999237060547,3.9600000381469727,27.9,3.064047,7.396272,-123.245331
427,IX-12-66264_0008_0428_THM.tif,09:56:31,21.8799991607666,4.309999942779541,27.9,4.657075,1.627176,-117.553024
428,IX-12-66264_0008_0429_THM.tif,09:56:32,21.56999969482422,4.25,27.9,5.434072,-2.615376,-116.988892
429,IX-12-66264_0008_0430_THM.tif,09:56:34,20.950000762939453,3.859999895095825,27.9,5.808379,-2.017534,-117.692085
430,IX-12-66264_0008_0431_THM.tif,09:56:35,20.59000015258789,3.4700000286102295,27.9,7.245642,-3.586324,-118.504265
431,IX-12-66264_0008_0432_THM.tif,09:56:37,19.5,2.9800000190734863,27.9,10.100015,-3.948214,-119.659599
432,IX-12-66264_0008_0433_THM.tif,09:56:39,19.520000457763672,3.4200000762939453,27.9,11.028627,2.096842,-120.324265
433,IX-12-66264_0008_0434_THM.tif,09:56:40,20.780000686645508,4.099999904632568,27.9,12.28004,-3.132056,-122.106903
434,IX-12-66264_0008_0435_THM.tif,09:56:42,21.729999542236328,3.8299999237060547,27.9,9.423326,-3.026874,-120.437721
435,IX-12-66264_0008_0436_THM.tif,09:56:43,21.6299991607666,3.450000047683716,27.9,8.95744,-4.102952,-120.529976
436,IX-12-66264_0008_0437_THM.tif,09:56:45,21.139999389648438,3.359999895095825,27.9,9.988656,-4.67878,-121.068626
437,IX-12-66264_0008_0438_THM.tif,09:56:46,21.030000686645508,3.319999933242798,27.9,7.219909,-4.453031,-120.915207
438,IX-12-66264_0008_0439_THM.tif,09:57:11,20.549999237060547,2.9000000953674316,27.9,5.764456,5.299139,66.968933
439,IX-12-66264_0008_0440_THM.tif,09:57:14,21.020000457763672,3.25,27.9,2.516457,-4.103325,68.752403
440,IX-12-66264_0008_0441_THM.tif,09:57:16,20.81999969482422,3.4700000286102295,27.9,4.958177,-3.35943,65.51358
441,IX-12-66264_0008_0442_THM.tif,09:57:19,20.670000076293945,3.7100000381469727,27.9,6.065044,1.938381,63.519478
442,IX-12-66264_0008_0443_THM.tif,09:57:21,19.950000762939453,3.759999990463257,27.9,6.213877,0.756543,60.761963
443,IX-12-66264_0008_0444_THM.tif,09:57:24,19.3799991607666,3.7300000190734863,27.9,6.370554,3.593979,61.429268
444,IX-12-66264_0008_0445_THM.tif,09:57:26,19.020000457763672,3.25,27.9,7.099777,2.452058,64.842278
445,IX-12-66264_0008_0446_THM.tif,09:57:28,18.68000030517578,2.950000047683716,27.9,6.776375,-1.122358,65.070992
446,IX-12-66264_0008_0447_THM.tif,09:57:30,19.079999923706055,3.25,27.9,3.744934,0.118755,65.101059
447,IX-12-66264_0008_0448_THM.tif,09:57:32,19.40999984741211,3.140000104904175,27.9,3.731385,-1.104869,64.338524
448,IX-12-66264_0008_0449_THM.tif,09:57:35,19.709999084472656,3.380000114440918,27.9,3.995052,0.995195,62.937809
449,IX-12-66264_0008_0450_THM.tif,09:57:37,19.920000076293945,3.4200000762939453,28.0,3.614415,0.844776,62.5075
450,IX-12-66264_0008_0451_THM.tif,09:57:40,20.329999923706055,3.630000114440918,28.0,2.090196,1.17495,63.987659
451,IX-12-66264_0008_0452_THM.tif,09:57:42,20.5,3.7799999713897705,28.0,4.922137,0.155566,63.194332
452,IX-12-66264_0008_0453_THM.tif,09:57:44,20.959999084472656,3.9700000286102295,28.0,5.827011,3.63299,62.747021
453,IX-12-66264_0008_0454_THM.tif,09:57:47,21.15999984741211,4.010000228881836,28.0,8.90571,0.927012,63.58139
454,IX-12-66264_0008_0455_THM.tif,09:57:49,21.3700008392334,4.070000171661377,28.0,7.468584,5.082894,65.101295
455,IX-12-66264_0008_0456_THM.tif,09:57:51,21.389999389648438,3.890000104904175,28.0,7.806681,1.301714,61.110012
456,IX-12-66264_0008_0457_THM.tif,09:57:54,21.969999313354492,3.2100000381469727,28.0,6.959517,1.022001,62.630856
457,IX-12-66264_0008_0458_THM.tif,09:57:55,22.479999542236328,3.5299999713897705,28.0,3.350211,3.605409,60.305737
458,IX-12-66264_0008_0459_THM.tif,09:57:58,22.950000762939453,2.9800000190734863,28.0,0.359532,1.521935,64.761414
459,IX-12-66264_0008_0460_THM.tif,09:58:00,23.280000686645508,2.8499999046325684,28.0,-7.078678,4.277433,63.833233
460,IX-12-66264_0008_0461_THM.tif,09:58:25,22.8799991607666,3.609999895095825,28.0,8.42283,-18.533319,-121.896301
461,IX-12-66264_0008_0462_THM.tif,09:58:27,21.84000015258789,4.230000019073486,28.0,8.91043,-8.598107,-127.375069
462,IX-12-66264_0008_0463_THM.tif,09:58:28,21.540000915527344,3.940000057220459,28.0,4.229807,-3.427583,-126.559639
463,IX-12-66264_0008_0464_THM.tif,09:58:30,21.459999084472656,4.0,28.0,2.536324,-0.468838,-124.120262
464,IX-12-66264_0008_0465_THM.tif,09:58:31,21.15999984741211,4.079999923706055,28.0,3.63772,-1.156347,-124.765594
465,IX-12-66264_0008_0466_THM.tif,09:58:33,20.6299991607666,3.869999885559082,28.0,2.112597,2.849718,-124.353966
466,IX-12-66264_0008_0467_THM.tif,09:58:34,20.280000686645508,3.7200000286102295,28.0,2.930412,3.226699,-123.456245
467,IX-12-66264_0008_0468_THM.tif,09:58:36,20.06999969482422,3.609999895095825,28.0,3.559888,3.002669,-121.781006
468,IX-12-66264_0008_0469_THM.tif,09:58:38,19.84000015258789,3.5899999141693115,28.0,-2.774035,2.003585,-124.136124
469,IX-12-66264_0008_0470_THM.tif,09:58:39,19.799999237060547,3.259999990463257,28.0,-0.511238,5.911766,-122.871964
470,IX-12-66264_0008_0471_THM.tif,09:58:41,19.709999084472656,3.5199999809265137,28.0,8.32316,6.255341,-118.755547
471,IX-12-66264_0008_0472_THM.tif,09:58:42,19.40999984741211,3.619999885559082,28.0,8.261644,1.254708,-115.850266
472,IX-12-66264_0008_0473_THM.tif,09:58:44,20.190000534057617,3.2899999618530273,28.0,3.840037,-0.254777,-119.915504
473,IX-12-66264_0008_0474_THM.tif,09:58:45,21.3700008392334,3.630000114440918,28.0,4.624681,3.638088,-123.565613
474,IX-12-66264_0008_0475_THM.tif,09:58:47,21.31999969482422,3.430000066757202,28.0,5.798771,3.143738,-123.334053
475,IX-12-66264_0008_0476_THM.tif,09:58:48,20.739999771118164,3.299999952316284,28.0,9.800073,6.718178,-121.659538
476,IX-12-66264_0008_0477_THM.tif,09:59:12,20.579999923706055,3.059999942779541,28.0,0.607021,5.30812,69.130882
477,IX-12-66264_0008_0478_THM.tif,09:59:14,20.6200008392334,3.0399999618530273,28.0,-5.03109,-2.404051,69.387878
478,IX-12-66264_0008_0479_THM.tif,09:59:17,20.739999771118164,3.5,28.0,0.680195,-1.997319,56.49461
479,IX-12-66264_0008_0480_THM.tif,09:59:19,19.950000762939453,3.7300000190734863,28.0,-0.276969,5.90719,59.416874
480,IX-12-66264_0008_0481_THM.tif,09:59:21,18.639999389648438,3.4000000953674316,28.0,5.503773,2.349773,64.641869
481,IX-12-66264_0008_0482_THM.tif,09:59:23,18.229999542236328,3.359999895095825,28.0,5.373596,-1.677172,66.383682
482,IX-12-66264_0008_0483_THM.tif,09:59:25,18.829999923706055,3.430000066757202,28.0,6.937669,0.187248,63.354683
483,IX-12-66264_0008_0484_THM.tif,09:59:27,18.690000534057617,3.450000047683716,28.0,5.125369,4.871943,61.528606
484,IX-12-66264_0008_0485_THM.tif,09:59:30,18.6299991607666,3.1600000858306885,28.0,4.67086,3.40217,61.570755
485,IX-12-66264_0008_0486_THM.tif,09:59:32,18.59000015258789,3.3399999141693115,28.0,8.73491,3.994647,60.59811
486,IX-12-66264_0008_0487_THM.tif,09:59:34,18.709999084472656,3.319999933242798,28.0,7.53914,5.299701,62.942371
487,IX-12-66264_0008_0488_THM.tif,09:59:36,18.889999389648438,3.369999885559082,28.0,8.895702,1.706713,64.345596
488,IX-12-66264_0008_0489_THM.tif,09:59:38,19.100000381469727,3.1700000762939453,28.0,6.741313,0.048583,64.976624
489,IX-12-66264_0008_0490_THM.tif,09:59:40,19.43000030517578,3.5,28.0,8.957129,-1.53486,65.262115
490,IX-12-66264_0008_0491_THM.tif,09:59:42,19.850000381469727,3.4800000190734863,28.0,9.34511,0.136015,63.019371
491,IX-12-66264_0008_0492_THM.tif,09:59:44,20.190000534057617,3.7200000286102295,28.0,8.198148,1.334607,62.163815
492,IX-12-66264_0008_0493_THM.tif,09:59:46,20.3799991607666,3.7899999618530273,28.0,7.149407,2.260255,63.043205
493,IX-12-66264_0008_0494_THM.tif,09:59:48,20.68000030517578,3.740000009536743,28.0,2.245909,-0.503504,61.231094
494,IX-12-66264_0008_0495_THM.tif,09:59:51,21.040000915527344,3.809999942779541,28.0,2.899078,3.399219,60.982006
495,IX-12-66264_0008_0496_THM.tif,09:59:53,21.6299991607666,3.549999952316284,28.0,4.613335,3.353971,62.711452
496,IX-12-66264_0008_0497_THM.tif,09:59:55,22.1299991607666,2.75,28.0,5.855567,0.912762,62.779568
497,IX-12-66264_0008_0498_THM.tif,09:59:57,22.829999923706055,1.8600000143051147,28.0,6.675127,0.550991,65.429893
498,IX-12-66264_0008_0499_THM.tif,10:00:23,22.06999969482422,2.9200000762939453,28.0,3.590508,-34.550362,-104.827408
499,IX-12-66264_0008_0500_THM.tif,10:00:25,21.639999389648438,3.9600000381469727,28.0,0.176372,-7.988684,-130.448578
500,IX-12-66264_0008_0501_THM.tif,10:00:27,21.290000915527344,4.119999885559082,28.0,2.289596,5.054317,-136.383316
501,IX-12-66264_0008_0502_THM.tif,10:00:28,20.93000030517578,3.869999885559082,28.0,-1.443254,1.310388,-133.107346
502,IX-12-66264_0008_0503_THM.tif,10:00:30,20.09000015258789,3.819999933242798,28.0,3.281204,3.844107,-122.709885
503,IX-12-66264_0008_0504_THM.tif,10:00:31,20.190000534057617,3.809999942779541,28.0,4.314931,0.189104,-115.933868
504,IX-12-66264_0008_0505_THM.tif,10:00:33,19.93000030517578,3.609999895095825,28.0,7.447105,-4.806083,-116.615303
505,IX-12-66264_0008_0506_THM.tif,10:00:34,19.559999465942383,3.4600000381469727,28.0,11.597277,-5.350889,-121.431488
506,IX-12-66264_0008_0507_THM.tif,10:00:36,19.040000915527344,3.700000047683716,28.0,13.14893,1.336361,-124.370804
507,IX-12-66264_0008_0508_THM.tif,10:00:37,19.3799991607666,3.5999999046325684,28.0,12.348245,-0.306516,-120.188126
508,IX-12-66264_0008_0509_THM.tif,10:00:39,19.0,3.609999895095825,28.0,12.30412,-2.607167,-120.549934
509,IX-12-66264_0008_0510_THM.tif,10:00:41,19.600000381469727,3.890000104904175,28.0,12.434906,0.569501,-122.987526
510,IX-12-66264_0008_0511_THM.tif,10:00:42,19.690000534057617,4.039999961853027,28.0,9.140206,-0.761301,-123.78038
511,IX-12-66264_0008_0512_THM.tif,10:00:44,21.079999923706055,3.5899999141693115,28.0,9.02951,1.68891,-122.306084
512,IX-12-66264_0008_0513_THM.tif,10:00:45,20.809999465942383,3.299999952316284,28.0,9.703146,1.706707,-121.70668
513,IX-12-66264_0008_0514_THM.tif,10:00:47,20.3799991607666,3.1700000762939453,28.0,9.230404,1.915571,-120.370872
514,IX-12-66264_0008_0515_THM.tif,10:01:11,19.969999313354492,3.009999990463257,28.0,6.713465,0.684809,70.264519
515,IX-12-66264_0008_0516_THM.tif,10:01:13,20.15999984741211,3.0799999237060547,28.0,3.826727,-8.391731,70.951195
516,IX-12-66264_0008_0517_THM.tif,10:01:15,20.190000534057617,3.2799999713897705,28.0,2.394849,-8.407298,66.785553
517,IX-12-66264_0008_0518_THM.tif,10:01:18,19.68000030517578,3.680000066757202,28.0,1.654306,-5.651782,60.781204
518,IX-12-66264_0008_0519_THM.tif,10:01:20,19.43000030517578,3.809999942779541,28.0,0.106651,3.200619,58.349529
519,IX-12-66264_0008_0520_THM.tif,10:01:22,18.959999084472656,3.5,28.0,-1.370992,-1.633671,59.801727
520,IX-12-66264_0008_0521_THM.tif,10:01:24,17.829999923706055,3.2200000286102295,28.0,3.164877,-6.293316,63.741745
521,IX-12-66264_0008_0522_THM.tif,10:01:26,18.170000076293945,3.4000000953674316,28.0,9.223318,2.253712,62.223557
522,IX-12-66264_0008_0523_THM.tif,10:01:28,17.899999618530273,3.380000114440918,28.0,9.147065,-0.534004,63.210999
523,IX-12-66264_0008_0524_THM.tif,10:01:30,18.010000228881836,3.4000000953674316,28.0,9.27321,-0.304618,63.880699
524,IX-12-66264_0008_0525_THM.tif,10:01:32,17.8700008392334,3.299999952316284,28.0,12.045998,-1.377361,65.375046
525,IX-12-66264_0008_0526_THM.tif,10:01:35,18.149999618530273,3.359999895095825,28.0,13.062622,-4.442253,66.429115
526,IX-12-66264_0008_0527_THM.tif,10:01:37,18.40999984741211,3.359999895095825,28.1,10.439298,-3.795399,64.696419
527,IX-12-66264_0008_0528_THM.tif,10:01:39,18.959999084472656,3.369999885559082,28.1,10.624701,0.376987,59.62751
528,IX-12-66264_0008_0529_THM.tif,10:01:41,19.399999618530273,3.6600000858306885,28.1,5.066813,2.768548,62.879829
529,IX-12-66264_0008_0530_THM.tif,10:01:44,19.690000534057617,3.680000066757202,28.1,0.97573,-2.749062,64.377716
530,IX-12-66264_0008_0531_THM.tif,10:01:46,19.959999084472656,3.7200000286102295,28.1,-3.191164,-1.527192,62.566986
531,IX-12-66264_0008_0532_THM.tif,10:01:48,20.559999465942383,3.930000066757202,28.1,-4.9805,0.302919,59.872307
532,IX-12-66264_0008_0533_THM.tif,10:01:50,21.34000015258789,4.039999961853027,28.1,3.9374,0.817278,65.486252
533,IX-12-66264_0008_0534_THM.tif,10:01:53,21.860000610351562,3.640000104904175,28.1,5.504567,-4.393851,66.753426
534,IX-12-66264_0008_0535_THM.tif,10:01:55,22.299999237060547,2.890000104904175,28.1,6.757803,-0.913854,62.575386
535,IX-12-66264_0008_0536_THM.tif,10:01:57,22.700000762939453,2.369999885559082,28.1,2.975411,-0.610499,59.721951
536,IX-12-66264_0008_0537_THM.tif,10:02:25,22.049999237060547,3.640000104904175,28.1,10.668333,-17.430126,-125.146126
537,IX-12-66264_0008_0538_THM.tif,10:02:27,20.8799991607666,3.940000057220459,28.1,7.626403,7.567644,-134.362198
538,IX-12-66264_0008_0539_THM.tif,10:02:29,19.6200008392334,3.609999895095825,28.1,4.70045,9.89844,-126.262459
539,IX-12-66264_0008_0540_THM.tif,10:02:30,18.899999618530273,3.240000009536743,28.1,5.797217,3.014814,-119.16523
540,IX-12-66264_0008_0541_THM.tif,10:02:32,18.6200008392334,3.2799999713897705,28.1,6.996992,-1.508965,-114.389954
541,IX-12-66264_0008_0542_THM.tif,10:02:34,18.65999984741211,3.259999990463257,28.1,9.395113,-5.815673,-113.353874
542,IX-12-66264_0008_0543_THM.tif,10:02:36,18.389999389648438,3.2200000286102295,28.1,10.64219,-5.604458,-118.415062
543,IX-12-66264_0008_0544_THM.tif,10:02:38,18.459999084472656,3.3499999046325684,28.1,11.195539,-5.700464,-119.628265
544,IX-12-66264_0008_0545_THM.tif,10:02:39,18.15999984741211,3.1700000762939453,28.1,10.122861,-5.033203,-119.60096
545,IX-12-66264_0008_0546_THM.tif,10:02:41,18.899999618530273,3.4100000858306885,28.1,10.203167,-4.31785,-120.097282
546,IX-12-66264_0008_0547_THM.tif,10:02:42,19.309999465942383,3.569999933242798,28.1,6.26053,-4.52588,142.582474
547,IX-12-66264_0008_0548_THM.tif,10:02:44,20.3799991607666,3.309999942779541,28.1,3.501694,-6.278139,-121.984665
548,IX-12-66264_0008_0549_THM.tif,10:02:45,20.34000015258789,3.190000057220459,28.1,5.037813,-2.664839,-124.501526
549,IX-12-66264_0008_0550_THM.tif,10:02:47,20.43000030517578,3.2699999809265137,28.1,8.423806,1.38893,-124.710487
550,IX-12-66264_0008_0551_THM.tif,10:03:12,19.979999542236328,2.940000057220459,28.1,0.742699,7.825035,63.735432
551,IX-12-66264_0008_0552_THM.tif,10:03:15,19.979999542236328,2.75,28.1,3.719423,0.427298,70.500153
552,IX-12-66264_0008_0553_THM.tif,10:03:17,20.350000381469727,3.0199999809265137,28.1,4.185374,-3.163188,64.000183
553,IX-12-66264_0008_0554_THM.tif,10:03:20,20.110000610351562,3.440000057220459,28.1,6.427981,1.291984,60.286221
554,IX-12-66264_0008_0555_THM.tif,10:03:22,19.610000610351562,3.549999952316284,28.1,6.33125,3.299223,60.844288
555,IX-12-66264_0008_0556_THM.tif,10:03:24,18.81999969482422,3.4100000858306885,28.1,6.488898,1.107216,62.176304
556,IX-12-66264_0008_0557_THM.tif,10:03:26,17.65999984741211,2.7699999809265137,28.1,8.778201,3.595963,63.660931
557,IX-12-66264_0008_0558_THM.tif,10:03:28,17.84000015258789,2.799999952316284,28.1,6.307169,0.704783,65.496902
558,IX-12-66264_0008_0559_THM.tif,10:03:31,17.489999771118164,2.7200000286102295,28.1,3.933817,-0.25607,61.134529
559,IX-12-66264_0008_0560_THM.tif,10:03:33,17.440000534057617,2.5199999809265137,28.1,2.991177,-1.242378,64.343407
560,IX-12-66264_0008_0561_THM.tif,10:03:35,17.5,2.6500000953674316,28.1,4.013724,-0.252658,61.804817
561,IX-12-66264_0008_0562_THM.tif,10:03:38,17.06999969482422,2.4000000953674316,28.1,7.20606,2.818189,60.020958
562,IX-12-66264_0008_0563_THM.tif,10:03:40,17.290000915527344,2.440000057220459,28.1,7.880205,1.818426,60.278027
563,IX-12-66264_0008_0564_THM.tif,10:03:43,17.389999389648438,2.5399999618530273,28.1,6.978593,3.167691,63.659885
564,IX-12-66264_0008_0565_THM.tif,10:03:45,17.56999969482422,2.319999933242798,28.1,7.893769,-0.362946,64.216675
565,IX-12-66264_0008_0566_THM.tif,10:03:47,18.1200008392334,2.9800000190734863,28.1,6.076857,-2.425163,65.271072
566,IX-12-66264_0008_0567_THM.tif,10:03:49,19.010000228881836,3.2699999809265137,28.1,7.403544,1.413831,60.354641
567,IX-12-66264_0008_0568_THM.tif,10:03:51,19.65999984741211,2.880000114440918,28.1,6.730233,2.097077,62.715405
568,IX-12-66264_0008_0569_THM.tif,10:03:53,20.559999465942383,3.9100000858306885,28.1,3.349116,-1.816482,63.139595
569,IX-12-66264_0008_0570_THM.tif,10:03:55,21.170000076293945,3.630000114440918,28.1,-5.959435,1.243064,58.006245
570,IX-12-66264_0008_0571_THM.tif,10:03:57,22.030000686645508,2.7899999618530273,28.1,1.963988,9.744947,57.140804
571,IX-12-66264_0008_0572_THM.tif,10:04:00,22.549999237060547,1.909999966621399,28.1,3.435965,6.488999,64.509499
572,IX-12-66264_0008_0573_THM.tif,10:04:26,21.399999618530273,3.740000009536743,28.1,3.910166,-12.92763,-127.441841
573,IX-12-66264_0008_0574_THM.tif,10:04:28,20.739999771118164,3.8299999237060547,28.1,1.774106,13.03743,-132.150284
574,IX-12-66264_0008_0575_THM.tif,10:04:29,19.670000076293945,3.5899999141693115,28.1,0.560619,3.335397,-125.523918
575,IX-12-66264_0008_0576_THM.tif,10:04:31,18.719999313354492,2.9700000286102295,28.1,-0.724685,8.423357,-121.449547
576,IX-12-66264_0008_0577_THM.tif,10:04:33,18.18000030517578,2.8399999141693115,28.1,-0.673365,1.619243,-119.657959
577,IX-12-66264_0008_0578_THM.tif,10:04:34,18.209999084472656,2.690000057220459,28.1,1.897521,4.122595,-117.895859
578,IX-12-66264_0008_0579_THM.tif,10:04:36,18.350000381469727,3.009999990463257,28.1,6.441075,4.097589,-113.578682
579,IX-12-66264_0008_0580_THM.tif,10:04:37,18.440000534057617,2.9800000190734863,28.1,8.48011,-6.142715,-112.480156
580,IX-12-66264_0008_0582_THM.tif,10:04:40,19.299999237060547,3.569999933242798,28.1,9.217517,-8.120005,-114.134506
581,IX-12-66264_0008_0583_THM.tif,10:04:42,20.1200008392334,3.950000047683716,28.1,4.864111,-9.653579,-118.808563
582,IX-12-66264_0008_0584_THM.tif,10:04:43,20.799999237060547,4.03000020980835,28.1,1.09796,-3.167177,-121.869553
583,IX-12-66264_0008_0585_THM.tif,10:04:45,21.059999465942383,3.549999952316284,28.1,2.153549,-4.231205,-123.325516
584,IX-12-66264_0008_0586_THM.tif,10:04:46,21.110000610351562,3.4100000858306885,28.1,3.975939,-2.655671,-121.549477
585,IX-12-66264_0008_0587_THM.tif,10:04:48,21.290000915527344,3.4000000953674316,28.1,5.740461,2.891593,-123.100136
586,IX-12-66264_0008_0588_THM.tif,10:05:13,20.84000015258789,3.2200000286102295,28.1,-0.028781,1.709113,68.410248
587,IX-12-66264_0008_0589_THM.tif,10:05:15,20.68000030517578,3.490000009536743,28.1,0.97856,-9.064257,69.856575
588,IX-12-66264_0008_0590_THM.tif,10:05:18,20.56999969482422,3.2899999618530273,28.1,0.393202,-5.513875,62.731205
589,IX-12-66264_0008_0591_THM.tif,10:05:20,20.6200008392334,3.3299999237060547,28.1,3.233386,2.931425,58.478344
590,IX-12-66264_0008_0592_THM.tif,10:05:22,20.579999923706055,3.5999999046325684,28.1,6.466175,1.09591,58.989552
591,IX-12-66264_0008_0593_THM.tif,10:05:23,20.299999237060547,3.950000047683716,28.1,5.045109,4.791953,62.5163
592,IX-12-66264_0008_0594_THM.tif,10:05:25,20.059999465942383,3.8299999237060547,28.1,6.177477,-3.353769,65.837059
593,IX-12-66264_0008_0595_THM.tif,10:05:27,19.549999237060547,3.680000066757202,28.1,2.386208,2.3741,65.442184
594,IX-12-66264_0008_0596_THM.tif,10:05:29,19.56999969482422,3.7200000286102295,28.1,-0.371349,-3.026306,63.772938
595,IX-12-66264_0008_0597_THM.tif,10:05:31,18.469999313354492,2.990000009536743,28.1,2.552994,3.0737,58.969196
596,IX-12-66264_0008_0598_THM.tif,10:05:34,18.239999771118164,2.9600000381469727,28.1,0.604539,1.270736,64.461021
597,IX-12-66264_0008_0599_THM.tif,10:05:36,18.309999465942383,3.1500000953674316,28.1,2.776067,-6.175867,64.453865
598,IX-12-66264_0008_0600_THM.tif,10:05:38,17.65999984741211,2.549999952316284,28.1,7.90238,1.493294,63.191509
599,IX-12-66264_0008_0601_THM.tif,10:05:40,17.75,2.640000104904175,28.1,7.457238,0.406634,60.638496
600,IX-12-66264_0008_0602_THM.tif,10:05:42,17.969999313354492,2.680000066757202,28.1,7.226622,2.043676,61.42366
601,IX-12-66264_0008_0603_THM.tif,10:05:45,18.649999618530273,2.940000057220459,28.1,6.435697,0.860662,65.36805
602,IX-12-66264_0008_0604_THM.tif,10:05:47,19.280000686645508,3.25,28.1,7.718045,-1.580617,63.807579
603,IX-12-66264_0008_0605_THM.tif,10:05:49,20.219999313354492,3.7699999809265137,28.1,8.278314,-1.877392,60.806431
604,IX-12-66264_0008_0606_THM.tif,10:05:51,21.059999465942383,3.700000047683716,28.1,8.051463,0.545406,62.225388
605,IX-12-66264_0008_0607_THM.tif,10:05:53,21.510000228881836,3.2300000190734863,28.1,7.214311,-2.202688,63.320335
606,IX-12-66264_0008_0608_THM.tif,10:05:56,21.739999771118164,2.8499999046325684,28.1,2.634549,-2.299422,63.599834
607,IX-12-66264_0008_0609_THM.tif,10:05:58,22.389999389648438,2.2799999713897705,28.1,3.746801,-0.551516,63.767536
608,IX-12-66264_0008_0610_THM.tif,10:06:28,22.010000228881836,4.28000020980835,28.1,10.992405,11.055948,-119.757698
609,IX-12-66264_0008_0611_THM.tif,10:06:30,21.639999389648438,4.150000095367432,28.1,10.973543,-1.315467,-110.781013
610,IX-12-66264_0008_0612_THM.tif,10:06:32,21.049999237060547,3.8399999141693115,28.1,7.199018,5.27963,-110.15403
611,IX-12-66264_0008_0613_THM.tif,10:06:34,20.459999084472656,4.010000228881836,28.1,6.679533,-6.343508,-112.793823
612,IX-12-66264_0008_0614_THM.tif,10:06:36,20.139999389648438,3.8499999046325684,28.1,4.634848,-1.143844,-116.657791
613,IX-12-66264_0008_0615_THM.tif,10:06:38,20.020000457763672,3.9000000953674316,28.1,5.718903,-5.138713,-114.402245
614,IX-12-66264_0008_0616_THM.tif,10:06:39,19.8799991607666,4.010000228881836,28.1,10.546983,-3.746377,-110.294479
615,IX-12-66264_0008_0617_THM.tif,10:06:41,19.75,3.8499999046325684,28.1,14.934431,-9.330033,-113.539642
616,IX-12-66264_0008_0618_THM.tif,10:06:42,20.200000762939453,3.9200000762939453,28.1,12.978202,-3.925273,-118.031082
617,IX-12-66264_0008_0619_THM.tif,10:06:44,18.969999313354492,3.5199999809265137,28.1,13.10138,-1.33641,-119.897118
618,IX-12-66264_0008_0620_THM.tif,10:06:45,20.450000762939453,4.460000038146973,28.1,13.504112,12.973874,-118.961609
619,IX-12-66264_0008_0621_THM.tif,10:07:12,18.940000534057617,3.9700000286102295,28.1,-0.351169,2.975874,67.758698
620,IX-12-66264_0008_0622_THM.tif,10:07:14,18.799999237060547,3.7699999809265137,28.1,0.178396,-3.060376,69.068932
621,IX-12-66264_0008_0623_THM.tif,10:07:15,19.100000381469727,3.7300000190734863,28.1,2.15518,-1.423398,66.252571
622,IX-12-66264_0008_0624_THM.tif,10:07:17,19.700000762939453,3.940000057220459,28.2,3.219897,-2.106937,65.722382
623,IX-12-66264_0008_0625_THM.tif,10:07:19,19.510000228881836,3.880000114440918,28.2,3.383567,-0.298391,65.433029
624,IX-12-66264_0008_0626_THM.tif,10:07:20,19.440000534057617,3.869999885559082,28.2,5.118809,-2.416486,65.002708
625,IX-12-66264_0008_0627_THM.tif,10:07:22,19.600000381469727,3.7200000286102295,28.2,7.202236,2.43987,62.630798
626,IX-12-66264_0008_0628_THM.tif,10:07:24,19.31999969482422,3.630000114440918,28.2,7.007891,3.824486,62.206577
627,IX-12-66264_0008_0629_THM.tif,10:07:25,19.200000762939453,3.5399999618530273,28.2,7.609398,4.345083,64.736244
628,IX-12-66264_0008_0630_THM.tif,10:07:27,19.139999389648438,3.5899999141693115,28.2,7.82257,1.551766,65.537086
629,IX-12-66264_0008_0631_THM.tif,10:07:29,19.309999465942383,3.5199999809265137,28.2,6.440792,2.390432,65.031487
630,IX-12-66264_0008_0632_THM.tif,10:07:30,19.530000686645508,3.700000047683716,28.2,7.450582,1.312203,64.6716
631,IX-12-66264_0008_0633_THM.tif,10:07:32,19.90999984741211,3.569999933242798,28.2,6.109123,1.30331,64.976807
632,IX-12-66264_0008_0634_THM.tif,10:07:34,20.270000457763672,3.630000114440918,28.2,6.937892,-0.247668,67.406281
633,IX-12-66264_0008_0635_THM.tif,10:07:35,20.31999969482422,3.7699999809265137,28.2,6.487757,-3.150062,67.901489
634,IX-12-66264_0008_0636_THM.tif,10:07:37,20.530000686645508,3.799999952316284,28.2,5.962646,-3.159808,64.739059
635,IX-12-66264_0008_0637_THM.tif,10:07:39,20.709999084472656,3.9100000858306885,28.2,7.008474,1.374278,61.28157
636,IX-12-66264_0008_0638_THM.tif,10:07:40,21.110000610351562,4.010000228881836,28.2,7.094224,2.43204,61.675579
637,IX-12-66264_0008_0639_THM.tif,10:07:42,20.90999984741211,4.190000057220459,28.2,6.914165,6.339565,64.651703
638,IX-12-66264_0008_0640_THM.tif,10:07:43,21.5,4.349999904632568,28.2,7.51284,-0.34149,67.07399
639,IX-12-66264_0008_0641_THM.tif,10:07:45,21.459999084472656,4.28000020980835,28.2,9.140268,-1.262795,66.836578
640,IX-12-66264_0008_0642_THM.tif,10:07:46,22.219999313354492,3.9100000858306885,28.2,10.96294,-1.847204,64.882416
641,IX-12-66264_0008_0643_THM.tif,10:07:48,22.489999771118164,3.430000066757202,28.2,9.530539,-4.034838,64.66597
642,IX-12-66264_0008_0644_THM.tif,10:08:15,22.65999984741211,4.460000038146973,28.2,2.257162,-6.555259,-122.107552
643,IX-12-66264_0008_0645_THM.tif,10:08:17,21.350000381469727,4.360000133514404,28.2,6.346895,7.388411,-128.041199
644,IX-12-66264_0008_0646_THM.tif,10:08:19,20.579999923706055,4.130000114440918,28.2,2.670825,7.263384,-122.440102
645,IX-12-66264_0008_0647_THM.tif,10:08:20,20.360000610351562,3.9700000286102295,28.2,0.646729,5.343394,-113.846092
646,IX-12-66264_0008_0648_THM.tif,10:08:22,20.079999923706055,4.070000171661377,28.2,4.714178,-3.671874,-112.214836
647,IX-12-66264_0008_0649_THM.tif,10:08:24,19.790000915527344,3.990000009536743,28.2,7.63232,-5.240639,-115.536438
648,IX-12-66264_0008_0650_THM.tif,10:08:25,19.329999923706055,3.8299999237060547,28.2,8.943156,-0.75082,-116.185646
649,IX-12-66264_0008_0651_THM.tif,10:08:27,19.3700008392334,3.990000009536743,28.2,11.534919,2.978858,-115.59584
650,IX-12-66264_0008_0652_THM.tif,10:08:28,19.469999313354492,4.159999847412109,28.2,10.369762,1.613608,-115.942192
651,IX-12-66264_0008_0653_THM.tif,10:08:30,18.81999969482422,3.5899999141693115,28.2,9.897393,4.616963,-116.166275
652,IX-12-66264_0008_0654_THM.tif,10:08:32,20.579999923706055,3.740000009536743,28.2,13.555375,12.611629,-110.63903
653,IX-12-66264_0008_0655_THM.tif,10:08:58,17.65999984741211,3.009999990463257,28.3,7.809393,-2.425835,70.558716
654,IX-12-66264_0008_0656_THM.tif,10:09:00,18.360000610351562,3.2699999809265137,28.3,4.535552,-2.957974,71.119888
655,IX-12-66264_0008_0657_THM.tif,10:09:01,18.649999618530273,3.4600000381469727,28.3,6.814586,-10.508468,67.80822
656,IX-12-66264_0008_0658_THM.tif,10:09:03,18.8799991607666,3.5399999618530273,28.3,3.234827,-6.278653,65.983879
657,IX-12-66264_0008_0659_THM.tif,10:09:05,18.540000915527344,3.4600000381469727,28.3,4.215897,-0.96953,64.423035
658,IX-12-66264_0008_0660_THM.tif,10:09:06,18.260000228881836,3.309999942779541,28.3,4.830003,-4.663138,68.100914
659,IX-12-66264_0008_0661_THM.tif,10:09:08,17.5,2.549999952316284,28.3,5.846989,-8.868919,61.745705
660,IX-12-66264_0008_0662_THM.tif,10:09:10,18.06999969482422,3.259999990463257,28.3,7.740126,0.212477,54.56881
661,IX-12-66264_0008_0663_THM.tif,10:09:11,18.549999237060547,3.569999933242798,28.3,7.4582,10.971293,56.922195
662,IX-12-66264_0008_0664_THM.tif,10:09:13,18.739999771118164,3.5199999809265137,28.3,7.491066,6.686977,63.068928
663,IX-12-66264_0008_0665_THM.tif,10:09:15,18.8799991607666,3.609999895095825,28.3,3.701338,4.810767,63.718636
664,IX-12-66264_0008_0666_THM.tif,10:09:17,19.030000686645508,3.690000057220459,28.3,1.960877,-0.632076,66.120323
665,IX-12-66264_0008_0667_THM.tif,10:09:18,19.149999618530273,3.7100000381469727,28.3,2.945064,0.512978,63.952038
666,IX-12-66264_0008_0668_THM.tif,10:09:20,19.5,3.809999942779541,28.3,5.086334,5.115857,62.964634
667,IX-12-66264_0008_0669_THM.tif,10:09:22,19.729999542236328,3.890000104904175,28.3,7.327432,-0.943606,64.90155
668,IX-12-66264_0008_0670_THM.tif,10:09:23,20.229999542236328,4.070000171661377,28.3,4.026732,-4.021675,64.885399
669,IX-12-66264_0008_0671_THM.tif,10:09:25,21.280000686645508,4.53000020980835,28.3,4.65581,4.011206,64.381538
670,IX-12-66264_0008_0672_THM.tif,10:09:26,21.459999084472656,4.630000114440918,28.3,3.906769,-1.007033,66.550301
671,IX-12-66264_0008_0673_THM.tif,10:09:28,21.829999923706055,4.25,28.3,7.677195,-2.155737,67.27298
672,IX-12-66264_0008_0674_THM.tif,10:09:29,22.350000381469727,3.6600000858306885,28.3,5.218609,-1.742305,64.879951
